2023-10-16 10:33:47.340  INFO 21080 --- [main] c.hiberus.CreatorVideoMixbiApplication   : Starting CreatorVideoMixbiApplication using Java 17.0.8 on HL-014830 with PID 21080 (C:\Users\jlsierra\University_Microservicios\yelteberus\creator-video-mixbi\target\classes started by jlsierra in C:\Users\jlsierra\University_Microservicios\yelteberus)
2023-10-16 10:33:47.348  INFO 21080 --- [main] c.hiberus.CreatorVideoMixbiApplication   : No active profile set, falling back to 1 default profile: "default"
2023-10-16 10:33:49.532  INFO 21080 --- [main] faultConfiguringBeanFactoryPostProcessor : No bean named 'errorChannel' has been explicitly defined. Therefore, a default PublishSubscribeChannel will be created.
2023-10-16 10:33:49.557  INFO 21080 --- [main] faultConfiguringBeanFactoryPostProcessor : No bean named 'integrationHeaderChannelRegistry' has been explicitly defined. Therefore, a default DefaultHeaderChannelRegistry will be created.
2023-10-16 10:33:50.654  INFO 21080 --- [main] o.s.b.w.embedded.tomcat.TomcatWebServer  : Tomcat initialized with port(s): 8086 (http)
2023-10-16 10:33:50.675  INFO 21080 --- [main] o.apache.catalina.core.StandardService   : Starting service [Tomcat]
2023-10-16 10:33:50.676  INFO 21080 --- [main] org.apache.catalina.core.StandardEngine  : Starting Servlet engine: [Apache Tomcat/9.0.80]
2023-10-16 10:33:50.969  INFO 21080 --- [main] o.a.c.c.C.[Tomcat].[localhost].[/]       : Initializing Spring embedded WebApplicationContext
2023-10-16 10:33:50.970  INFO 21080 --- [main] w.s.c.ServletWebServerApplicationContext : Root WebApplicationContext: initialization completed in 3527 ms
2023-10-16 10:33:52.773  INFO 21080 --- [main] c.f.c.c.BeanFactoryAwareFunctionRegistry : Looking up function 'joiner' with acceptedOutputTypes: []
2023-10-16 10:33:53.256  INFO 21080 --- [main] i.c.k.s.KafkaAvroSerializerConfig        : KafkaAvroSerializerConfig values: 
	bearer.auth.token = [hidden]
	proxy.port = -1
	schema.reflection = false
	auto.register.schemas = true
	max.schemas.per.subject = 1000
	basic.auth.credentials.source = URL
	value.subject.name.strategy = class io.confluent.kafka.serializers.subject.TopicNameStrategy
	schema.registry.url = [http://localhost:8081]
	basic.auth.user.info = [hidden]
	proxy.host = 
	schema.registry.basic.auth.user.info = [hidden]
	bearer.auth.credentials.source = STATIC_TOKEN
	key.subject.name.strategy = class io.confluent.kafka.serializers.subject.TopicNameStrategy

2023-10-16 10:33:53.281  INFO 21080 --- [main] i.c.k.s.KafkaAvroDeserializerConfig      : KafkaAvroDeserializerConfig values: 
	bearer.auth.token = [hidden]
	proxy.port = -1
	schema.reflection = false
	auto.register.schemas = true
	max.schemas.per.subject = 1000
	basic.auth.credentials.source = URL
	specific.avro.reader = true
	value.subject.name.strategy = class io.confluent.kafka.serializers.subject.TopicNameStrategy
	schema.registry.url = [http://localhost:8081]
	basic.auth.user.info = [hidden]
	proxy.host = 
	schema.registry.basic.auth.user.info = [hidden]
	bearer.auth.credentials.source = STATIC_TOKEN
	key.subject.name.strategy = class io.confluent.kafka.serializers.subject.TopicNameStrategy

2023-10-16 10:33:53.283  INFO 21080 --- [main] .c.s.b.k.s.KafkaStreamsFunctionProcessor : Key Serde used for joiner-in-0: io.confluent.kafka.streams.serdes.avro.SpecificAvroSerde
2023-10-16 10:33:53.284  INFO 21080 --- [main] i.c.k.s.KafkaAvroSerializerConfig        : KafkaAvroSerializerConfig values: 
	bearer.auth.token = [hidden]
	proxy.port = -1
	schema.reflection = false
	auto.register.schemas = true
	max.schemas.per.subject = 1000
	basic.auth.credentials.source = URL
	value.subject.name.strategy = class io.confluent.kafka.serializers.subject.TopicNameStrategy
	schema.registry.url = [http://localhost:8081]
	basic.auth.user.info = [hidden]
	proxy.host = 
	schema.registry.basic.auth.user.info = [hidden]
	bearer.auth.credentials.source = STATIC_TOKEN
	key.subject.name.strategy = class io.confluent.kafka.serializers.subject.TopicNameStrategy

2023-10-16 10:33:53.284  INFO 21080 --- [main] i.c.k.s.KafkaAvroDeserializerConfig      : KafkaAvroDeserializerConfig values: 
	bearer.auth.token = [hidden]
	proxy.port = -1
	schema.reflection = false
	auto.register.schemas = true
	max.schemas.per.subject = 1000
	basic.auth.credentials.source = URL
	specific.avro.reader = true
	value.subject.name.strategy = class io.confluent.kafka.serializers.subject.TopicNameStrategy
	schema.registry.url = [http://localhost:8081]
	basic.auth.user.info = [hidden]
	proxy.host = 
	schema.registry.basic.auth.user.info = [hidden]
	bearer.auth.credentials.source = STATIC_TOKEN
	key.subject.name.strategy = class io.confluent.kafka.serializers.subject.TopicNameStrategy

2023-10-16 10:33:53.285  INFO 21080 --- [main] .c.s.b.k.s.KafkaStreamsFunctionProcessor : Value Serde used for joiner-in-0: io.confluent.kafka.streams.serdes.avro.SpecificAvroSerde
2023-10-16 10:33:53.294  INFO 21080 --- [main] .k.s.AbstractKafkaStreamsBinderProcessor : Native decoding is enabled for joiner-in-0. Inbound deserialization done at the broker.
2023-10-16 10:33:53.298  INFO 21080 --- [main] i.c.k.s.KafkaAvroSerializerConfig        : KafkaAvroSerializerConfig values: 
	bearer.auth.token = [hidden]
	proxy.port = -1
	schema.reflection = false
	auto.register.schemas = true
	max.schemas.per.subject = 1000
	basic.auth.credentials.source = URL
	value.subject.name.strategy = class io.confluent.kafka.serializers.subject.TopicNameStrategy
	schema.registry.url = [http://localhost:8081]
	basic.auth.user.info = [hidden]
	proxy.host = 
	schema.registry.basic.auth.user.info = [hidden]
	bearer.auth.credentials.source = STATIC_TOKEN
	key.subject.name.strategy = class io.confluent.kafka.serializers.subject.TopicNameStrategy

2023-10-16 10:33:53.299  INFO 21080 --- [main] i.c.k.s.KafkaAvroDeserializerConfig      : KafkaAvroDeserializerConfig values: 
	bearer.auth.token = [hidden]
	proxy.port = -1
	schema.reflection = false
	auto.register.schemas = true
	max.schemas.per.subject = 1000
	basic.auth.credentials.source = URL
	specific.avro.reader = true
	value.subject.name.strategy = class io.confluent.kafka.serializers.subject.TopicNameStrategy
	schema.registry.url = [http://localhost:8081]
	basic.auth.user.info = [hidden]
	proxy.host = 
	schema.registry.basic.auth.user.info = [hidden]
	bearer.auth.credentials.source = STATIC_TOKEN
	key.subject.name.strategy = class io.confluent.kafka.serializers.subject.TopicNameStrategy

2023-10-16 10:33:53.299  INFO 21080 --- [main] .c.s.b.k.s.KafkaStreamsFunctionProcessor : Key Serde used for joiner-in-1: io.confluent.kafka.streams.serdes.avro.SpecificAvroSerde
2023-10-16 10:33:53.300  INFO 21080 --- [main] i.c.k.s.KafkaAvroSerializerConfig        : KafkaAvroSerializerConfig values: 
	bearer.auth.token = [hidden]
	proxy.port = -1
	schema.reflection = false
	auto.register.schemas = true
	max.schemas.per.subject = 1000
	basic.auth.credentials.source = URL
	value.subject.name.strategy = class io.confluent.kafka.serializers.subject.TopicNameStrategy
	schema.registry.url = [http://localhost:8081]
	basic.auth.user.info = [hidden]
	proxy.host = 
	schema.registry.basic.auth.user.info = [hidden]
	bearer.auth.credentials.source = STATIC_TOKEN
	key.subject.name.strategy = class io.confluent.kafka.serializers.subject.TopicNameStrategy

2023-10-16 10:33:53.300  INFO 21080 --- [main] i.c.k.s.KafkaAvroDeserializerConfig      : KafkaAvroDeserializerConfig values: 
	bearer.auth.token = [hidden]
	proxy.port = -1
	schema.reflection = false
	auto.register.schemas = true
	max.schemas.per.subject = 1000
	basic.auth.credentials.source = URL
	specific.avro.reader = true
	value.subject.name.strategy = class io.confluent.kafka.serializers.subject.TopicNameStrategy
	schema.registry.url = [http://localhost:8081]
	basic.auth.user.info = [hidden]
	proxy.host = 
	schema.registry.basic.auth.user.info = [hidden]
	bearer.auth.credentials.source = STATIC_TOKEN
	key.subject.name.strategy = class io.confluent.kafka.serializers.subject.TopicNameStrategy

2023-10-16 10:33:53.301  INFO 21080 --- [main] .c.s.b.k.s.KafkaStreamsFunctionProcessor : Value Serde used for joiner-in-1: io.confluent.kafka.streams.serdes.avro.SpecificAvroSerde
2023-10-16 10:33:53.302  INFO 21080 --- [main] .k.s.AbstractKafkaStreamsBinderProcessor : Native decoding is enabled for joiner-in-1. Inbound deserialization done at the broker.
2023-10-16 10:33:53.343  INFO 21080 --- [main] o.s.b.a.e.web.EndpointLinksResolver      : Exposing 19 endpoint(s) beneath base path '/actuator'
2023-10-16 10:33:53.535  INFO 21080 --- [main] o.s.i.endpoint.EventDrivenConsumer       : Adding {logging-channel-adapter:_org.springframework.integration.errorLogger} as a subscriber to the 'errorChannel' channel
2023-10-16 10:33:53.535  INFO 21080 --- [main] o.s.i.channel.PublishSubscribeChannel    : Channel 'creator-video-mixbi.errorChannel' has 1 subscriber(s).
2023-10-16 10:33:53.537  INFO 21080 --- [main] o.s.i.endpoint.EventDrivenConsumer       : started bean '_org.springframework.integration.errorLogger'
2023-10-16 10:33:54.382  INFO 21080 --- [main] o.s.c.s.b.k.p.KafkaTopicProvisioner      : Using kafka topic for outbound: creators-videos
2023-10-16 10:33:54.388  INFO 21080 --- [main] o.a.k.clients.admin.AdminClientConfig    : AdminClientConfig values: 
	bootstrap.servers = [localhost:9092]
	client.dns.lookup = use_all_dns_ips
	client.id = 
	connections.max.idle.ms = 300000
	default.api.timeout.ms = 60000
	metadata.max.age.ms = 300000
	metric.reporters = []
	metrics.num.samples = 2
	metrics.recording.level = INFO
	metrics.sample.window.ms = 30000
	receive.buffer.bytes = 65536
	reconnect.backoff.max.ms = 1000
	reconnect.backoff.ms = 50
	request.timeout.ms = 30000
	retries = 2147483647
	retry.backoff.ms = 100
	sasl.client.callback.handler.class = null
	sasl.jaas.config = null
	sasl.kerberos.kinit.cmd = /usr/bin/kinit
	sasl.kerberos.min.time.before.relogin = 60000
	sasl.kerberos.service.name = null
	sasl.kerberos.ticket.renew.jitter = 0.05
	sasl.kerberos.ticket.renew.window.factor = 0.8
	sasl.login.callback.handler.class = null
	sasl.login.class = null
	sasl.login.connect.timeout.ms = null
	sasl.login.read.timeout.ms = null
	sasl.login.refresh.buffer.seconds = 300
	sasl.login.refresh.min.period.seconds = 60
	sasl.login.refresh.window.factor = 0.8
	sasl.login.refresh.window.jitter = 0.05
	sasl.login.retry.backoff.max.ms = 10000
	sasl.login.retry.backoff.ms = 100
	sasl.mechanism = GSSAPI
	sasl.oauthbearer.clock.skew.seconds = 30
	sasl.oauthbearer.expected.audience = null
	sasl.oauthbearer.expected.issuer = null
	sasl.oauthbearer.jwks.endpoint.refresh.ms = 3600000
	sasl.oauthbearer.jwks.endpoint.retry.backoff.max.ms = 10000
	sasl.oauthbearer.jwks.endpoint.retry.backoff.ms = 100
	sasl.oauthbearer.jwks.endpoint.url = null
	sasl.oauthbearer.scope.claim.name = scope
	sasl.oauthbearer.sub.claim.name = sub
	sasl.oauthbearer.token.endpoint.url = null
	security.protocol = PLAINTEXT
	security.providers = null
	send.buffer.bytes = 131072
	socket.connection.setup.timeout.max.ms = 30000
	socket.connection.setup.timeout.ms = 10000
	ssl.cipher.suites = null
	ssl.enabled.protocols = [TLSv1.2, TLSv1.3]
	ssl.endpoint.identification.algorithm = https
	ssl.engine.factory.class = null
	ssl.key.password = null
	ssl.keymanager.algorithm = SunX509
	ssl.keystore.certificate.chain = null
	ssl.keystore.key = null
	ssl.keystore.location = null
	ssl.keystore.password = null
	ssl.keystore.type = JKS
	ssl.protocol = TLSv1.3
	ssl.provider = null
	ssl.secure.random.implementation = null
	ssl.trustmanager.algorithm = PKIX
	ssl.truststore.certificates = null
	ssl.truststore.location = null
	ssl.truststore.password = null
	ssl.truststore.type = JKS

2023-10-16 10:33:54.546  INFO 21080 --- [main] o.a.kafka.common.utils.AppInfoParser     : Kafka version: 3.1.2
2023-10-16 10:33:54.549  INFO 21080 --- [main] o.a.kafka.common.utils.AppInfoParser     : Kafka commitId: f8c67dc3ae0a3265
2023-10-16 10:33:54.551  INFO 21080 --- [main] o.a.kafka.common.utils.AppInfoParser     : Kafka startTimeMs: 1697445234542
2023-10-16 10:33:55.528  INFO 21080 --- [kafka-admin-client-thread | adminclient-1] o.a.kafka.common.utils.AppInfoParser     : App info kafka.admin.client for adminclient-1 unregistered
2023-10-16 10:33:55.554  INFO 21080 --- [kafka-admin-client-thread | adminclient-1] org.apache.kafka.common.metrics.Metrics  : Metrics scheduler closed
2023-10-16 10:33:55.555  INFO 21080 --- [kafka-admin-client-thread | adminclient-1] org.apache.kafka.common.metrics.Metrics  : Closing reporter org.apache.kafka.common.metrics.JmxReporter
2023-10-16 10:33:55.556  INFO 21080 --- [kafka-admin-client-thread | adminclient-1] org.apache.kafka.common.metrics.Metrics  : Metrics reporters closed
2023-10-16 10:33:55.564  INFO 21080 --- [main] i.c.k.s.KafkaAvroSerializerConfig        : KafkaAvroSerializerConfig values: 
	bearer.auth.token = [hidden]
	proxy.port = -1
	schema.reflection = false
	auto.register.schemas = true
	max.schemas.per.subject = 1000
	basic.auth.credentials.source = URL
	value.subject.name.strategy = class io.confluent.kafka.serializers.subject.TopicNameStrategy
	schema.registry.url = [http://localhost:8081]
	basic.auth.user.info = [hidden]
	proxy.host = 
	schema.registry.basic.auth.user.info = [hidden]
	bearer.auth.credentials.source = STATIC_TOKEN
	key.subject.name.strategy = class io.confluent.kafka.serializers.subject.TopicNameStrategy

2023-10-16 10:33:55.565  INFO 21080 --- [main] i.c.k.s.KafkaAvroDeserializerConfig      : KafkaAvroDeserializerConfig values: 
	bearer.auth.token = [hidden]
	proxy.port = -1
	schema.reflection = false
	auto.register.schemas = true
	max.schemas.per.subject = 1000
	basic.auth.credentials.source = URL
	specific.avro.reader = true
	value.subject.name.strategy = class io.confluent.kafka.serializers.subject.TopicNameStrategy
	schema.registry.url = [http://localhost:8081]
	basic.auth.user.info = [hidden]
	proxy.host = 
	schema.registry.basic.auth.user.info = [hidden]
	bearer.auth.credentials.source = STATIC_TOKEN
	key.subject.name.strategy = class io.confluent.kafka.serializers.subject.TopicNameStrategy

2023-10-16 10:33:55.565  INFO 21080 --- [main] o.s.c.s.b.kafka.streams.KStreamBinder    : Key Serde used for (outbound) creators-videos: io.confluent.kafka.streams.serdes.avro.SpecificAvroSerde
2023-10-16 10:33:55.566  INFO 21080 --- [main] i.c.k.s.KafkaAvroSerializerConfig        : KafkaAvroSerializerConfig values: 
	bearer.auth.token = [hidden]
	proxy.port = -1
	schema.reflection = false
	auto.register.schemas = true
	max.schemas.per.subject = 1000
	basic.auth.credentials.source = URL
	value.subject.name.strategy = class io.confluent.kafka.serializers.subject.TopicNameStrategy
	schema.registry.url = [http://localhost:8081]
	basic.auth.user.info = [hidden]
	proxy.host = 
	schema.registry.basic.auth.user.info = [hidden]
	bearer.auth.credentials.source = STATIC_TOKEN
	key.subject.name.strategy = class io.confluent.kafka.serializers.subject.TopicNameStrategy

2023-10-16 10:33:55.567  INFO 21080 --- [main] i.c.k.s.KafkaAvroDeserializerConfig      : KafkaAvroDeserializerConfig values: 
	bearer.auth.token = [hidden]
	proxy.port = -1
	schema.reflection = false
	auto.register.schemas = true
	max.schemas.per.subject = 1000
	basic.auth.credentials.source = URL
	specific.avro.reader = true
	value.subject.name.strategy = class io.confluent.kafka.serializers.subject.TopicNameStrategy
	schema.registry.url = [http://localhost:8081]
	basic.auth.user.info = [hidden]
	proxy.host = 
	schema.registry.basic.auth.user.info = [hidden]
	bearer.auth.credentials.source = STATIC_TOKEN
	key.subject.name.strategy = class io.confluent.kafka.serializers.subject.TopicNameStrategy

2023-10-16 10:33:55.567  INFO 21080 --- [main] o.s.c.s.b.kafka.streams.KStreamBinder    : Value Serde used for (outbound) creators-videos: io.confluent.kafka.streams.serdes.avro.SpecificAvroSerde
2023-10-16 10:33:55.568  INFO 21080 --- [main] o.s.c.s.b.kafka.streams.KStreamBinder    : Native encoding is enabled for creators-videos. Outbound serialization done at the broker.
2023-10-16 10:33:55.618  INFO 21080 --- [main] o.a.k.clients.admin.AdminClientConfig    : AdminClientConfig values: 
	bootstrap.servers = [localhost:9092]
	client.dns.lookup = use_all_dns_ips
	client.id = 
	connections.max.idle.ms = 300000
	default.api.timeout.ms = 60000
	metadata.max.age.ms = 300000
	metric.reporters = []
	metrics.num.samples = 2
	metrics.recording.level = INFO
	metrics.sample.window.ms = 30000
	receive.buffer.bytes = 65536
	reconnect.backoff.max.ms = 1000
	reconnect.backoff.ms = 50
	request.timeout.ms = 30000
	retries = 2147483647
	retry.backoff.ms = 100
	sasl.client.callback.handler.class = null
	sasl.jaas.config = null
	sasl.kerberos.kinit.cmd = /usr/bin/kinit
	sasl.kerberos.min.time.before.relogin = 60000
	sasl.kerberos.service.name = null
	sasl.kerberos.ticket.renew.jitter = 0.05
	sasl.kerberos.ticket.renew.window.factor = 0.8
	sasl.login.callback.handler.class = null
	sasl.login.class = null
	sasl.login.connect.timeout.ms = null
	sasl.login.read.timeout.ms = null
	sasl.login.refresh.buffer.seconds = 300
	sasl.login.refresh.min.period.seconds = 60
	sasl.login.refresh.window.factor = 0.8
	sasl.login.refresh.window.jitter = 0.05
	sasl.login.retry.backoff.max.ms = 10000
	sasl.login.retry.backoff.ms = 100
	sasl.mechanism = GSSAPI
	sasl.oauthbearer.clock.skew.seconds = 30
	sasl.oauthbearer.expected.audience = null
	sasl.oauthbearer.expected.issuer = null
	sasl.oauthbearer.jwks.endpoint.refresh.ms = 3600000
	sasl.oauthbearer.jwks.endpoint.retry.backoff.max.ms = 10000
	sasl.oauthbearer.jwks.endpoint.retry.backoff.ms = 100
	sasl.oauthbearer.jwks.endpoint.url = null
	sasl.oauthbearer.scope.claim.name = scope
	sasl.oauthbearer.sub.claim.name = sub
	sasl.oauthbearer.token.endpoint.url = null
	security.protocol = PLAINTEXT
	security.providers = null
	send.buffer.bytes = 131072
	socket.connection.setup.timeout.max.ms = 30000
	socket.connection.setup.timeout.ms = 10000
	ssl.cipher.suites = null
	ssl.enabled.protocols = [TLSv1.2, TLSv1.3]
	ssl.endpoint.identification.algorithm = https
	ssl.engine.factory.class = null
	ssl.key.password = null
	ssl.keymanager.algorithm = SunX509
	ssl.keystore.certificate.chain = null
	ssl.keystore.key = null
	ssl.keystore.location = null
	ssl.keystore.password = null
	ssl.keystore.type = JKS
	ssl.protocol = TLSv1.3
	ssl.provider = null
	ssl.secure.random.implementation = null
	ssl.trustmanager.algorithm = PKIX
	ssl.truststore.certificates = null
	ssl.truststore.location = null
	ssl.truststore.password = null
	ssl.truststore.type = JKS

2023-10-16 10:33:55.638  INFO 21080 --- [main] o.a.kafka.common.utils.AppInfoParser     : Kafka version: 3.1.2
2023-10-16 10:33:55.638  INFO 21080 --- [main] o.a.kafka.common.utils.AppInfoParser     : Kafka commitId: f8c67dc3ae0a3265
2023-10-16 10:33:55.639  INFO 21080 --- [main] o.a.kafka.common.utils.AppInfoParser     : Kafka startTimeMs: 1697445235638
2023-10-16 10:33:55.761  INFO 21080 --- [kafka-admin-client-thread | adminclient-2] o.a.kafka.common.utils.AppInfoParser     : App info kafka.admin.client for adminclient-2 unregistered
2023-10-16 10:33:55.778  INFO 21080 --- [kafka-admin-client-thread | adminclient-2] org.apache.kafka.common.metrics.Metrics  : Metrics scheduler closed
2023-10-16 10:33:55.779  INFO 21080 --- [kafka-admin-client-thread | adminclient-2] org.apache.kafka.common.metrics.Metrics  : Closing reporter org.apache.kafka.common.metrics.JmxReporter
2023-10-16 10:33:55.779  INFO 21080 --- [kafka-admin-client-thread | adminclient-2] org.apache.kafka.common.metrics.Metrics  : Metrics reporters closed
2023-10-16 10:33:55.782  INFO 21080 --- [main] o.a.k.clients.admin.AdminClientConfig    : AdminClientConfig values: 
	bootstrap.servers = [localhost:9092]
	client.dns.lookup = use_all_dns_ips
	client.id = 
	connections.max.idle.ms = 300000
	default.api.timeout.ms = 60000
	metadata.max.age.ms = 300000
	metric.reporters = []
	metrics.num.samples = 2
	metrics.recording.level = INFO
	metrics.sample.window.ms = 30000
	receive.buffer.bytes = 65536
	reconnect.backoff.max.ms = 1000
	reconnect.backoff.ms = 50
	request.timeout.ms = 30000
	retries = 2147483647
	retry.backoff.ms = 100
	sasl.client.callback.handler.class = null
	sasl.jaas.config = null
	sasl.kerberos.kinit.cmd = /usr/bin/kinit
	sasl.kerberos.min.time.before.relogin = 60000
	sasl.kerberos.service.name = null
	sasl.kerberos.ticket.renew.jitter = 0.05
	sasl.kerberos.ticket.renew.window.factor = 0.8
	sasl.login.callback.handler.class = null
	sasl.login.class = null
	sasl.login.connect.timeout.ms = null
	sasl.login.read.timeout.ms = null
	sasl.login.refresh.buffer.seconds = 300
	sasl.login.refresh.min.period.seconds = 60
	sasl.login.refresh.window.factor = 0.8
	sasl.login.refresh.window.jitter = 0.05
	sasl.login.retry.backoff.max.ms = 10000
	sasl.login.retry.backoff.ms = 100
	sasl.mechanism = GSSAPI
	sasl.oauthbearer.clock.skew.seconds = 30
	sasl.oauthbearer.expected.audience = null
	sasl.oauthbearer.expected.issuer = null
	sasl.oauthbearer.jwks.endpoint.refresh.ms = 3600000
	sasl.oauthbearer.jwks.endpoint.retry.backoff.max.ms = 10000
	sasl.oauthbearer.jwks.endpoint.retry.backoff.ms = 100
	sasl.oauthbearer.jwks.endpoint.url = null
	sasl.oauthbearer.scope.claim.name = scope
	sasl.oauthbearer.sub.claim.name = sub
	sasl.oauthbearer.token.endpoint.url = null
	security.protocol = PLAINTEXT
	security.providers = null
	send.buffer.bytes = 131072
	socket.connection.setup.timeout.max.ms = 30000
	socket.connection.setup.timeout.ms = 10000
	ssl.cipher.suites = null
	ssl.enabled.protocols = [TLSv1.2, TLSv1.3]
	ssl.endpoint.identification.algorithm = https
	ssl.engine.factory.class = null
	ssl.key.password = null
	ssl.keymanager.algorithm = SunX509
	ssl.keystore.certificate.chain = null
	ssl.keystore.key = null
	ssl.keystore.location = null
	ssl.keystore.password = null
	ssl.keystore.type = JKS
	ssl.protocol = TLSv1.3
	ssl.provider = null
	ssl.secure.random.implementation = null
	ssl.trustmanager.algorithm = PKIX
	ssl.truststore.certificates = null
	ssl.truststore.location = null
	ssl.truststore.password = null
	ssl.truststore.type = JKS

2023-10-16 10:33:55.798  INFO 21080 --- [main] o.a.kafka.common.utils.AppInfoParser     : Kafka version: 3.1.2
2023-10-16 10:33:55.799  INFO 21080 --- [main] o.a.kafka.common.utils.AppInfoParser     : Kafka commitId: f8c67dc3ae0a3265
2023-10-16 10:33:55.799  INFO 21080 --- [main] o.a.kafka.common.utils.AppInfoParser     : Kafka startTimeMs: 1697445235798
2023-10-16 10:33:55.846  INFO 21080 --- [kafka-admin-client-thread | adminclient-3] o.a.kafka.common.utils.AppInfoParser     : App info kafka.admin.client for adminclient-3 unregistered
2023-10-16 10:33:55.864  INFO 21080 --- [kafka-admin-client-thread | adminclient-3] org.apache.kafka.common.metrics.Metrics  : Metrics scheduler closed
2023-10-16 10:33:55.864  INFO 21080 --- [kafka-admin-client-thread | adminclient-3] org.apache.kafka.common.metrics.Metrics  : Closing reporter org.apache.kafka.common.metrics.JmxReporter
2023-10-16 10:33:55.865  INFO 21080 --- [kafka-admin-client-thread | adminclient-3] org.apache.kafka.common.metrics.Metrics  : Metrics reporters closed
2023-10-16 10:33:55.937  INFO 21080 --- [main] org.apache.kafka.streams.StreamsConfig   : StreamsConfig values: 
	acceptable.recovery.lag = 10000
	application.id = creator-video-mixbi
	application.server = 
	bootstrap.servers = [localhost:9092]
	buffered.records.per.partition = 1000
	built.in.metrics.version = latest
	cache.max.bytes.buffering = 10000
	client.id = 
	commit.interval.ms = 5000
	connections.max.idle.ms = 540000
	default.deserialization.exception.handler = class org.apache.kafka.streams.errors.LogAndFailExceptionHandler
	default.key.serde = class io.confluent.kafka.streams.serdes.avro.SpecificAvroSerde
	default.list.key.serde.inner = null
	default.list.key.serde.type = null
	default.list.value.serde.inner = null
	default.list.value.serde.type = null
	default.production.exception.handler = class org.apache.kafka.streams.errors.DefaultProductionExceptionHandler
	default.timestamp.extractor = class org.apache.kafka.streams.processor.FailOnInvalidTimestamp
	default.value.serde = class io.confluent.kafka.streams.serdes.avro.SpecificAvroSerde
	max.task.idle.ms = 0
	max.warmup.replicas = 2
	metadata.max.age.ms = 300000
	metric.reporters = []
	metrics.num.samples = 2
	metrics.recording.level = INFO
	metrics.sample.window.ms = 30000
	num.standby.replicas = 0
	num.stream.threads = 1
	poll.ms = 100
	probing.rebalance.interval.ms = 600000
	processing.guarantee = at_least_once
	receive.buffer.bytes = 32768
	reconnect.backoff.max.ms = 1000
	reconnect.backoff.ms = 50
	replication.factor = -1
	request.timeout.ms = 40000
	retries = 0
	retry.backoff.ms = 100
	rocksdb.config.setter = null
	security.protocol = PLAINTEXT
	send.buffer.bytes = 131072
	state.cleanup.delay.ms = 600000
	state.dir = C:\Users\jlsierra\AppData\Local\Temp\\kafka-streams
	task.timeout.ms = 300000
	topology.optimization = none
	upgrade.from = null
	window.size.ms = null
	windowed.inner.class.serde = null
	windowstore.changelog.additional.retention.ms = 86400000

2023-10-16 10:33:56.010  WARN 21080 --- [main] o.a.k.s.p.internals.StateDirectory       : Using an OS temp directory in the state.dir property can cause failures with writing the checkpoint file due to the fact that this directory can be cleared by the OS. Resolved state.dir: [C:\Users\jlsierra\AppData\Local\Temp\\kafka-streams]
2023-10-16 10:33:56.012 ERROR 21080 --- [main] o.a.k.s.p.internals.StateDirectory       : Failed to change permissions for the directory C:\Users\jlsierra\AppData\Local\Temp\kafka-streams
2023-10-16 10:33:56.013 ERROR 21080 --- [main] o.a.k.s.p.internals.StateDirectory       : Failed to change permissions for the directory C:\Users\jlsierra\AppData\Local\Temp\kafka-streams\creator-video-mixbi
2023-10-16 10:33:56.164  INFO 21080 --- [main] o.a.k.s.p.internals.StateDirectory       : Reading UUID from process file: 27df3015-d20d-4799-8bd2-07979d808620
2023-10-16 10:33:56.179  INFO 21080 --- [main] o.a.k.clients.admin.AdminClientConfig    : AdminClientConfig values: 
	bootstrap.servers = [localhost:9092]
	client.dns.lookup = use_all_dns_ips
	client.id = creator-video-mixbi-27df3015-d20d-4799-8bd2-07979d808620-admin
	connections.max.idle.ms = 300000
	default.api.timeout.ms = 60000
	metadata.max.age.ms = 300000
	metric.reporters = []
	metrics.num.samples = 2
	metrics.recording.level = INFO
	metrics.sample.window.ms = 30000
	receive.buffer.bytes = 65536
	reconnect.backoff.max.ms = 1000
	reconnect.backoff.ms = 50
	request.timeout.ms = 30000
	retries = 2147483647
	retry.backoff.ms = 100
	sasl.client.callback.handler.class = null
	sasl.jaas.config = null
	sasl.kerberos.kinit.cmd = /usr/bin/kinit
	sasl.kerberos.min.time.before.relogin = 60000
	sasl.kerberos.service.name = null
	sasl.kerberos.ticket.renew.jitter = 0.05
	sasl.kerberos.ticket.renew.window.factor = 0.8
	sasl.login.callback.handler.class = null
	sasl.login.class = null
	sasl.login.connect.timeout.ms = null
	sasl.login.read.timeout.ms = null
	sasl.login.refresh.buffer.seconds = 300
	sasl.login.refresh.min.period.seconds = 60
	sasl.login.refresh.window.factor = 0.8
	sasl.login.refresh.window.jitter = 0.05
	sasl.login.retry.backoff.max.ms = 10000
	sasl.login.retry.backoff.ms = 100
	sasl.mechanism = GSSAPI
	sasl.oauthbearer.clock.skew.seconds = 30
	sasl.oauthbearer.expected.audience = null
	sasl.oauthbearer.expected.issuer = null
	sasl.oauthbearer.jwks.endpoint.refresh.ms = 3600000
	sasl.oauthbearer.jwks.endpoint.retry.backoff.max.ms = 10000
	sasl.oauthbearer.jwks.endpoint.retry.backoff.ms = 100
	sasl.oauthbearer.jwks.endpoint.url = null
	sasl.oauthbearer.scope.claim.name = scope
	sasl.oauthbearer.sub.claim.name = sub
	sasl.oauthbearer.token.endpoint.url = null
	security.protocol = PLAINTEXT
	security.providers = null
	send.buffer.bytes = 131072
	socket.connection.setup.timeout.max.ms = 30000
	socket.connection.setup.timeout.ms = 10000
	ssl.cipher.suites = null
	ssl.enabled.protocols = [TLSv1.2, TLSv1.3]
	ssl.endpoint.identification.algorithm = https
	ssl.engine.factory.class = null
	ssl.key.password = null
	ssl.keymanager.algorithm = SunX509
	ssl.keystore.certificate.chain = null
	ssl.keystore.key = null
	ssl.keystore.location = null
	ssl.keystore.password = null
	ssl.keystore.type = JKS
	ssl.protocol = TLSv1.3
	ssl.provider = null
	ssl.secure.random.implementation = null
	ssl.trustmanager.algorithm = PKIX
	ssl.truststore.certificates = null
	ssl.truststore.location = null
	ssl.truststore.password = null
	ssl.truststore.type = JKS

2023-10-16 10:33:56.194  WARN 21080 --- [main] o.a.k.clients.admin.AdminClientConfig    : The configuration 'schema.registry.url' was supplied but isn't a known config.
2023-10-16 10:33:56.194  WARN 21080 --- [main] o.a.k.clients.admin.AdminClientConfig    : The configuration 'auto.register.schemas' was supplied but isn't a known config.
2023-10-16 10:33:56.195  INFO 21080 --- [main] o.a.kafka.common.utils.AppInfoParser     : Kafka version: 3.1.2
2023-10-16 10:33:56.195  INFO 21080 --- [main] o.a.kafka.common.utils.AppInfoParser     : Kafka commitId: f8c67dc3ae0a3265
2023-10-16 10:33:56.196  INFO 21080 --- [main] o.a.kafka.common.utils.AppInfoParser     : Kafka startTimeMs: 1697445236195
2023-10-16 10:33:56.207  INFO 21080 --- [main] org.apache.kafka.streams.KafkaStreams    : stream-client [creator-video-mixbi-27df3015-d20d-4799-8bd2-07979d808620] Kafka Streams version: 3.1.2
2023-10-16 10:33:56.208  INFO 21080 --- [main] org.apache.kafka.streams.KafkaStreams    : stream-client [creator-video-mixbi-27df3015-d20d-4799-8bd2-07979d808620] Kafka Streams commit ID: f8c67dc3ae0a3265
2023-10-16 10:33:56.238  INFO 21080 --- [main] o.a.k.s.p.internals.StreamThread         : stream-thread [creator-video-mixbi-27df3015-d20d-4799-8bd2-07979d808620-StreamThread-1] Creating restore consumer client
2023-10-16 10:33:56.247  INFO 21080 --- [main] o.a.k.clients.consumer.ConsumerConfig    : ConsumerConfig values: 
	allow.auto.create.topics = true
	auto.commit.interval.ms = 5000
	auto.offset.reset = none
	bootstrap.servers = [localhost:9092]
	check.crcs = true
	client.dns.lookup = use_all_dns_ips
	client.id = creator-video-mixbi-27df3015-d20d-4799-8bd2-07979d808620-StreamThread-1-restore-consumer
	client.rack = 
	connections.max.idle.ms = 540000
	default.api.timeout.ms = 60000
	enable.auto.commit = false
	exclude.internal.topics = true
	fetch.max.bytes = 52428800
	fetch.max.wait.ms = 500
	fetch.min.bytes = 1
	group.id = null
	group.instance.id = null
	heartbeat.interval.ms = 3000
	interceptor.classes = []
	internal.leave.group.on.close = false
	internal.throw.on.fetch.stable.offset.unsupported = false
	isolation.level = read_uncommitted
	key.deserializer = class org.apache.kafka.common.serialization.ByteArrayDeserializer
	max.partition.fetch.bytes = 1048576
	max.poll.interval.ms = 300000
	max.poll.records = 1000
	metadata.max.age.ms = 300000
	metric.reporters = []
	metrics.num.samples = 2
	metrics.recording.level = INFO
	metrics.sample.window.ms = 30000
	partition.assignment.strategy = [class org.apache.kafka.clients.consumer.RangeAssignor, class org.apache.kafka.clients.consumer.CooperativeStickyAssignor]
	receive.buffer.bytes = 65536
	reconnect.backoff.max.ms = 1000
	reconnect.backoff.ms = 50
	request.timeout.ms = 30000
	retry.backoff.ms = 100
	sasl.client.callback.handler.class = null
	sasl.jaas.config = null
	sasl.kerberos.kinit.cmd = /usr/bin/kinit
	sasl.kerberos.min.time.before.relogin = 60000
	sasl.kerberos.service.name = null
	sasl.kerberos.ticket.renew.jitter = 0.05
	sasl.kerberos.ticket.renew.window.factor = 0.8
	sasl.login.callback.handler.class = null
	sasl.login.class = null
	sasl.login.connect.timeout.ms = null
	sasl.login.read.timeout.ms = null
	sasl.login.refresh.buffer.seconds = 300
	sasl.login.refresh.min.period.seconds = 60
	sasl.login.refresh.window.factor = 0.8
	sasl.login.refresh.window.jitter = 0.05
	sasl.login.retry.backoff.max.ms = 10000
	sasl.login.retry.backoff.ms = 100
	sasl.mechanism = GSSAPI
	sasl.oauthbearer.clock.skew.seconds = 30
	sasl.oauthbearer.expected.audience = null
	sasl.oauthbearer.expected.issuer = null
	sasl.oauthbearer.jwks.endpoint.refresh.ms = 3600000
	sasl.oauthbearer.jwks.endpoint.retry.backoff.max.ms = 10000
	sasl.oauthbearer.jwks.endpoint.retry.backoff.ms = 100
	sasl.oauthbearer.jwks.endpoint.url = null
	sasl.oauthbearer.scope.claim.name = scope
	sasl.oauthbearer.sub.claim.name = sub
	sasl.oauthbearer.token.endpoint.url = null
	security.protocol = PLAINTEXT
	security.providers = null
	send.buffer.bytes = 131072
	session.timeout.ms = 10000
	socket.connection.setup.timeout.max.ms = 30000
	socket.connection.setup.timeout.ms = 10000
	ssl.cipher.suites = null
	ssl.enabled.protocols = [TLSv1.2, TLSv1.3]
	ssl.endpoint.identification.algorithm = https
	ssl.engine.factory.class = null
	ssl.key.password = null
	ssl.keymanager.algorithm = SunX509
	ssl.keystore.certificate.chain = null
	ssl.keystore.key = null
	ssl.keystore.location = null
	ssl.keystore.password = null
	ssl.keystore.type = JKS
	ssl.protocol = TLSv1.3
	ssl.provider = null
	ssl.secure.random.implementation = null
	ssl.trustmanager.algorithm = PKIX
	ssl.truststore.certificates = null
	ssl.truststore.location = null
	ssl.truststore.password = null
	ssl.truststore.type = JKS
	value.deserializer = class org.apache.kafka.common.serialization.ByteArrayDeserializer

2023-10-16 10:33:56.318  WARN 21080 --- [main] o.a.k.clients.consumer.ConsumerConfig    : The configuration 'schema.registry.url' was supplied but isn't a known config.
2023-10-16 10:33:56.319  WARN 21080 --- [main] o.a.k.clients.consumer.ConsumerConfig    : The configuration 'auto.register.schemas' was supplied but isn't a known config.
2023-10-16 10:33:56.320  INFO 21080 --- [main] o.a.kafka.common.utils.AppInfoParser     : Kafka version: 3.1.2
2023-10-16 10:33:56.320  INFO 21080 --- [main] o.a.kafka.common.utils.AppInfoParser     : Kafka commitId: f8c67dc3ae0a3265
2023-10-16 10:33:56.320  INFO 21080 --- [main] o.a.kafka.common.utils.AppInfoParser     : Kafka startTimeMs: 1697445236320
2023-10-16 10:33:56.334  INFO 21080 --- [main] o.a.k.s.p.internals.StreamThread         : stream-thread [creator-video-mixbi-27df3015-d20d-4799-8bd2-07979d808620-StreamThread-1] Creating thread producer client
2023-10-16 10:33:56.343  INFO 21080 --- [main] o.a.k.clients.producer.ProducerConfig    : ProducerConfig values: 
	acks = -1
	batch.size = 16384
	bootstrap.servers = [localhost:9092]
	buffer.memory = 33554432
	client.dns.lookup = use_all_dns_ips
	client.id = creator-video-mixbi-27df3015-d20d-4799-8bd2-07979d808620-StreamThread-1-producer
	compression.type = none
	connections.max.idle.ms = 540000
	delivery.timeout.ms = 120000
	enable.idempotence = true
	interceptor.classes = []
	key.serializer = class org.apache.kafka.common.serialization.ByteArraySerializer
	linger.ms = 100
	max.block.ms = 60000
	max.in.flight.requests.per.connection = 5
	max.request.size = 1048576
	metadata.max.age.ms = 300000
	metadata.max.idle.ms = 300000
	metric.reporters = []
	metrics.num.samples = 2
	metrics.recording.level = INFO
	metrics.sample.window.ms = 30000
	partitioner.class = class org.apache.kafka.clients.producer.internals.DefaultPartitioner
	receive.buffer.bytes = 32768
	reconnect.backoff.max.ms = 1000
	reconnect.backoff.ms = 50
	request.timeout.ms = 30000
	retries = 2147483647
	retry.backoff.ms = 100
	sasl.client.callback.handler.class = null
	sasl.jaas.config = null
	sasl.kerberos.kinit.cmd = /usr/bin/kinit
	sasl.kerberos.min.time.before.relogin = 60000
	sasl.kerberos.service.name = null
	sasl.kerberos.ticket.renew.jitter = 0.05
	sasl.kerberos.ticket.renew.window.factor = 0.8
	sasl.login.callback.handler.class = null
	sasl.login.class = null
	sasl.login.connect.timeout.ms = null
	sasl.login.read.timeout.ms = null
	sasl.login.refresh.buffer.seconds = 300
	sasl.login.refresh.min.period.seconds = 60
	sasl.login.refresh.window.factor = 0.8
	sasl.login.refresh.window.jitter = 0.05
	sasl.login.retry.backoff.max.ms = 10000
	sasl.login.retry.backoff.ms = 100
	sasl.mechanism = GSSAPI
	sasl.oauthbearer.clock.skew.seconds = 30
	sasl.oauthbearer.expected.audience = null
	sasl.oauthbearer.expected.issuer = null
	sasl.oauthbearer.jwks.endpoint.refresh.ms = 3600000
	sasl.oauthbearer.jwks.endpoint.retry.backoff.max.ms = 10000
	sasl.oauthbearer.jwks.endpoint.retry.backoff.ms = 100
	sasl.oauthbearer.jwks.endpoint.url = null
	sasl.oauthbearer.scope.claim.name = scope
	sasl.oauthbearer.sub.claim.name = sub
	sasl.oauthbearer.token.endpoint.url = null
	security.protocol = PLAINTEXT
	security.providers = null
	send.buffer.bytes = 131072
	socket.connection.setup.timeout.max.ms = 30000
	socket.connection.setup.timeout.ms = 10000
	ssl.cipher.suites = null
	ssl.enabled.protocols = [TLSv1.2, TLSv1.3]
	ssl.endpoint.identification.algorithm = https
	ssl.engine.factory.class = null
	ssl.key.password = null
	ssl.keymanager.algorithm = SunX509
	ssl.keystore.certificate.chain = null
	ssl.keystore.key = null
	ssl.keystore.location = null
	ssl.keystore.password = null
	ssl.keystore.type = JKS
	ssl.protocol = TLSv1.3
	ssl.provider = null
	ssl.secure.random.implementation = null
	ssl.trustmanager.algorithm = PKIX
	ssl.truststore.certificates = null
	ssl.truststore.location = null
	ssl.truststore.password = null
	ssl.truststore.type = JKS
	transaction.timeout.ms = 60000
	transactional.id = null
	value.serializer = class org.apache.kafka.common.serialization.ByteArraySerializer

2023-10-16 10:33:56.366  INFO 21080 --- [main] o.a.k.clients.producer.KafkaProducer     : [Producer clientId=creator-video-mixbi-27df3015-d20d-4799-8bd2-07979d808620-StreamThread-1-producer] Instantiated an idempotent producer.
2023-10-16 10:33:56.401  WARN 21080 --- [main] o.a.k.clients.producer.ProducerConfig    : The configuration 'schema.registry.url' was supplied but isn't a known config.
2023-10-16 10:33:56.401  WARN 21080 --- [main] o.a.k.clients.producer.ProducerConfig    : The configuration 'auto.register.schemas' was supplied but isn't a known config.
2023-10-16 10:33:56.402  INFO 21080 --- [main] o.a.kafka.common.utils.AppInfoParser     : Kafka version: 3.1.2
2023-10-16 10:33:56.402  INFO 21080 --- [main] o.a.kafka.common.utils.AppInfoParser     : Kafka commitId: f8c67dc3ae0a3265
2023-10-16 10:33:56.402  INFO 21080 --- [main] o.a.kafka.common.utils.AppInfoParser     : Kafka startTimeMs: 1697445236402
2023-10-16 10:33:56.416  INFO 21080 --- [main] o.a.k.s.p.internals.StreamThread         : stream-thread [creator-video-mixbi-27df3015-d20d-4799-8bd2-07979d808620-StreamThread-1] Creating consumer client
2023-10-16 10:33:56.422  INFO 21080 --- [main] o.a.k.clients.consumer.ConsumerConfig    : ConsumerConfig values: 
	allow.auto.create.topics = false
	auto.commit.interval.ms = 5000
	auto.offset.reset = earliest
	bootstrap.servers = [localhost:9092]
	check.crcs = true
	client.dns.lookup = use_all_dns_ips
	client.id = creator-video-mixbi-27df3015-d20d-4799-8bd2-07979d808620-StreamThread-1-consumer
	client.rack = 
	connections.max.idle.ms = 540000
	default.api.timeout.ms = 60000
	enable.auto.commit = false
	exclude.internal.topics = true
	fetch.max.bytes = 52428800
	fetch.max.wait.ms = 500
	fetch.min.bytes = 1
	group.id = creator-video-mixbi
	group.instance.id = null
	heartbeat.interval.ms = 3000
	interceptor.classes = []
	internal.leave.group.on.close = false
	internal.throw.on.fetch.stable.offset.unsupported = false
	isolation.level = read_uncommitted
	key.deserializer = class org.apache.kafka.common.serialization.ByteArrayDeserializer
	max.partition.fetch.bytes = 1048576
	max.poll.interval.ms = 300000
	max.poll.records = 1000
	metadata.max.age.ms = 300000
	metric.reporters = []
	metrics.num.samples = 2
	metrics.recording.level = INFO
	metrics.sample.window.ms = 30000
	partition.assignment.strategy = [org.apache.kafka.streams.processor.internals.StreamsPartitionAssignor]
	receive.buffer.bytes = 65536
	reconnect.backoff.max.ms = 1000
	reconnect.backoff.ms = 50
	request.timeout.ms = 30000
	retry.backoff.ms = 100
	sasl.client.callback.handler.class = null
	sasl.jaas.config = null
	sasl.kerberos.kinit.cmd = /usr/bin/kinit
	sasl.kerberos.min.time.before.relogin = 60000
	sasl.kerberos.service.name = null
	sasl.kerberos.ticket.renew.jitter = 0.05
	sasl.kerberos.ticket.renew.window.factor = 0.8
	sasl.login.callback.handler.class = null
	sasl.login.class = null
	sasl.login.connect.timeout.ms = null
	sasl.login.read.timeout.ms = null
	sasl.login.refresh.buffer.seconds = 300
	sasl.login.refresh.min.period.seconds = 60
	sasl.login.refresh.window.factor = 0.8
	sasl.login.refresh.window.jitter = 0.05
	sasl.login.retry.backoff.max.ms = 10000
	sasl.login.retry.backoff.ms = 100
	sasl.mechanism = GSSAPI
	sasl.oauthbearer.clock.skew.seconds = 30
	sasl.oauthbearer.expected.audience = null
	sasl.oauthbearer.expected.issuer = null
	sasl.oauthbearer.jwks.endpoint.refresh.ms = 3600000
	sasl.oauthbearer.jwks.endpoint.retry.backoff.max.ms = 10000
	sasl.oauthbearer.jwks.endpoint.retry.backoff.ms = 100
	sasl.oauthbearer.jwks.endpoint.url = null
	sasl.oauthbearer.scope.claim.name = scope
	sasl.oauthbearer.sub.claim.name = sub
	sasl.oauthbearer.token.endpoint.url = null
	security.protocol = PLAINTEXT
	security.providers = null
	send.buffer.bytes = 131072
	session.timeout.ms = 10000
	socket.connection.setup.timeout.max.ms = 30000
	socket.connection.setup.timeout.ms = 10000
	ssl.cipher.suites = null
	ssl.enabled.protocols = [TLSv1.2, TLSv1.3]
	ssl.endpoint.identification.algorithm = https
	ssl.engine.factory.class = null
	ssl.key.password = null
	ssl.keymanager.algorithm = SunX509
	ssl.keystore.certificate.chain = null
	ssl.keystore.key = null
	ssl.keystore.location = null
	ssl.keystore.password = null
	ssl.keystore.type = JKS
	ssl.protocol = TLSv1.3
	ssl.provider = null
	ssl.secure.random.implementation = null
	ssl.trustmanager.algorithm = PKIX
	ssl.truststore.certificates = null
	ssl.truststore.location = null
	ssl.truststore.password = null
	ssl.truststore.type = JKS
	value.deserializer = class org.apache.kafka.common.serialization.ByteArrayDeserializer

2023-10-16 10:33:56.422  INFO 21080 --- [kafka-producer-network-thread | creator-video-mixbi-27df3015-d20d-4799-8bd2-07979d808620-StreamThread-1-producer] org.apache.kafka.clients.Metadata        : [Producer clientId=creator-video-mixbi-27df3015-d20d-4799-8bd2-07979d808620-StreamThread-1-producer] Cluster ID: 6PPc6K4vSlqt2VmmJgoeRQ
2023-10-16 10:33:56.424  INFO 21080 --- [kafka-producer-network-thread | creator-video-mixbi-27df3015-d20d-4799-8bd2-07979d808620-StreamThread-1-producer] o.a.k.c.p.internals.TransactionManager   : [Producer clientId=creator-video-mixbi-27df3015-d20d-4799-8bd2-07979d808620-StreamThread-1-producer] ProducerId set to 1 with epoch 0
2023-10-16 10:33:56.447  INFO 21080 --- [main] o.a.k.s.p.i.a.AssignorConfiguration      : stream-thread [creator-video-mixbi-27df3015-d20d-4799-8bd2-07979d808620-StreamThread-1-consumer] Cooperative rebalancing protocol is enabled now
2023-10-16 10:33:56.490  WARN 21080 --- [main] o.a.k.clients.consumer.ConsumerConfig    : The configuration 'auto.register.schemas' was supplied but isn't a known config.
2023-10-16 10:33:56.491  WARN 21080 --- [main] o.a.k.clients.consumer.ConsumerConfig    : The configuration 'schema.registry.url' was supplied but isn't a known config.
2023-10-16 10:33:56.491  INFO 21080 --- [main] o.a.kafka.common.utils.AppInfoParser     : Kafka version: 3.1.2
2023-10-16 10:33:56.492  INFO 21080 --- [main] o.a.kafka.common.utils.AppInfoParser     : Kafka commitId: f8c67dc3ae0a3265
2023-10-16 10:33:56.492  INFO 21080 --- [main] o.a.kafka.common.utils.AppInfoParser     : Kafka startTimeMs: 1697445236491
2023-10-16 10:33:56.512  INFO 21080 --- [main] org.apache.kafka.streams.KafkaStreams    : stream-client [creator-video-mixbi-27df3015-d20d-4799-8bd2-07979d808620] State transition from CREATED to REBALANCING
2023-10-16 10:33:56.521  INFO 21080 --- [creator-video-mixbi-27df3015-d20d-4799-8bd2-07979d808620-StreamThread-1] o.a.k.s.p.internals.StreamThread         : stream-thread [creator-video-mixbi-27df3015-d20d-4799-8bd2-07979d808620-StreamThread-1] Starting
2023-10-16 10:33:56.523  INFO 21080 --- [creator-video-mixbi-27df3015-d20d-4799-8bd2-07979d808620-StreamThread-1] o.a.k.s.p.internals.StreamThread         : stream-thread [creator-video-mixbi-27df3015-d20d-4799-8bd2-07979d808620-StreamThread-1] State transition from CREATED to STARTING
2023-10-16 10:33:56.528  INFO 21080 --- [creator-video-mixbi-27df3015-d20d-4799-8bd2-07979d808620-StreamThread-1] o.a.k.clients.consumer.KafkaConsumer     : [Consumer clientId=creator-video-mixbi-27df3015-d20d-4799-8bd2-07979d808620-StreamThread-1-consumer, groupId=creator-video-mixbi] Subscribed to topic(s): creator-video-mixbi-CREATOR_MIXBI-repartition, creator-video-mixbi-VIDEO_MIXBI-repartition, creators, videos-aggregator
2023-10-16 10:33:56.587  WARN 21080 --- [creator-video-mixbi-27df3015-d20d-4799-8bd2-07979d808620-StreamThread-1] org.apache.kafka.clients.NetworkClient   : [Consumer clientId=creator-video-mixbi-27df3015-d20d-4799-8bd2-07979d808620-StreamThread-1-consumer, groupId=creator-video-mixbi] Error while fetching metadata with correlation id 2 : {creator-video-mixbi-CREATOR_MIXBI-repartition=UNKNOWN_TOPIC_OR_PARTITION, creator-video-mixbi-VIDEO_MIXBI-repartition=UNKNOWN_TOPIC_OR_PARTITION}
2023-10-16 10:33:56.588  INFO 21080 --- [creator-video-mixbi-27df3015-d20d-4799-8bd2-07979d808620-StreamThread-1] org.apache.kafka.clients.Metadata        : [Consumer clientId=creator-video-mixbi-27df3015-d20d-4799-8bd2-07979d808620-StreamThread-1-consumer, groupId=creator-video-mixbi] Cluster ID: 6PPc6K4vSlqt2VmmJgoeRQ
2023-10-16 10:33:56.590  INFO 21080 --- [creator-video-mixbi-27df3015-d20d-4799-8bd2-07979d808620-StreamThread-1] o.a.k.c.c.internals.ConsumerCoordinator  : [Consumer clientId=creator-video-mixbi-27df3015-d20d-4799-8bd2-07979d808620-StreamThread-1-consumer, groupId=creator-video-mixbi] Discovered group coordinator localhost:9092 (id: 2147483646 rack: null)
2023-10-16 10:33:56.597  INFO 21080 --- [creator-video-mixbi-27df3015-d20d-4799-8bd2-07979d808620-StreamThread-1] o.a.k.c.c.internals.ConsumerCoordinator  : [Consumer clientId=creator-video-mixbi-27df3015-d20d-4799-8bd2-07979d808620-StreamThread-1-consumer, groupId=creator-video-mixbi] (Re-)joining group
2023-10-16 10:33:56.643  INFO 21080 --- [main] o.s.b.w.embedded.tomcat.TomcatWebServer  : Tomcat started on port(s): 8086 (http) with context path ''
2023-10-16 10:33:56.662  INFO 21080 --- [creator-video-mixbi-27df3015-d20d-4799-8bd2-07979d808620-StreamThread-1] o.a.k.s.p.internals.StreamThread         : stream-thread [creator-video-mixbi-27df3015-d20d-4799-8bd2-07979d808620-StreamThread-1] Processed 0 total records, ran 0 punctuators, and committed 0 total tasks since the last update
2023-10-16 10:33:56.669  INFO 21080 --- [creator-video-mixbi-27df3015-d20d-4799-8bd2-07979d808620-StreamThread-1] o.a.k.c.c.internals.ConsumerCoordinator  : [Consumer clientId=creator-video-mixbi-27df3015-d20d-4799-8bd2-07979d808620-StreamThread-1-consumer, groupId=creator-video-mixbi] Request joining group due to: need to re-join with the given member-id
2023-10-16 10:33:56.671  INFO 21080 --- [creator-video-mixbi-27df3015-d20d-4799-8bd2-07979d808620-StreamThread-1] o.a.k.c.c.internals.ConsumerCoordinator  : [Consumer clientId=creator-video-mixbi-27df3015-d20d-4799-8bd2-07979d808620-StreamThread-1-consumer, groupId=creator-video-mixbi] (Re-)joining group
2023-10-16 10:33:56.687  INFO 21080 --- [creator-video-mixbi-27df3015-d20d-4799-8bd2-07979d808620-StreamThread-1] o.a.k.c.c.internals.ConsumerCoordinator  : [Consumer clientId=creator-video-mixbi-27df3015-d20d-4799-8bd2-07979d808620-StreamThread-1-consumer, groupId=creator-video-mixbi] Successfully joined group with generation Generation{generationId=1, memberId='creator-video-mixbi-27df3015-d20d-4799-8bd2-07979d808620-StreamThread-1-consumer-980ac8f3-ef0d-46d4-95f1-f090b2198a29', protocol='stream'}
2023-10-16 10:33:56.705  WARN 21080 --- [creator-video-mixbi-27df3015-d20d-4799-8bd2-07979d808620-StreamThread-1] org.apache.kafka.clients.NetworkClient   : [Consumer clientId=creator-video-mixbi-27df3015-d20d-4799-8bd2-07979d808620-StreamThread-1-consumer, groupId=creator-video-mixbi] Error while fetching metadata with correlation id 7 : {creator-video-mixbi-CREATOR_MIXBI-repartition=UNKNOWN_TOPIC_OR_PARTITION, creator-video-mixbi-VIDEO_MIXBI-repartition=UNKNOWN_TOPIC_OR_PARTITION}
2023-10-16 10:33:56.712  INFO 21080 --- [main] c.hiberus.CreatorVideoMixbiApplication   : Started CreatorVideoMixbiApplication in 10.327 seconds (JVM running for 11.432)
2023-10-16 10:33:57.109  WARN 21080 --- [creator-video-mixbi-27df3015-d20d-4799-8bd2-07979d808620-StreamThread-1] o.a.k.s.p.i.assignment.ClientState       : Task 2_0 had endOffsetSum=0 smaller than offsetSum=3 on member 27df3015-d20d-4799-8bd2-07979d808620. This probably means the task is corrupted, which in turn indicates that it will need to restore from scratch if it gets assigned. The assignor will de-prioritize returning this task to this member in the hopes that some other member may be able to re-use its state.
2023-10-16 10:33:57.111  INFO 21080 --- [creator-video-mixbi-27df3015-d20d-4799-8bd2-07979d808620-StreamThread-1] o.a.k.s.p.i.StreamsPartitionAssignor     : stream-thread [creator-video-mixbi-27df3015-d20d-4799-8bd2-07979d808620-StreamThread-1-consumer] All members participating in this rebalance: 
27df3015-d20d-4799-8bd2-07979d808620: [creator-video-mixbi-27df3015-d20d-4799-8bd2-07979d808620-StreamThread-1-consumer-980ac8f3-ef0d-46d4-95f1-f090b2198a29].
2023-10-16 10:33:57.130  INFO 21080 --- [creator-video-mixbi-27df3015-d20d-4799-8bd2-07979d808620-StreamThread-1] a.k.s.p.i.a.HighAvailabilityTaskAssignor : Decided on assignment: {27df3015-d20d-4799-8bd2-07979d808620=[activeTasks: ([0_0, 1_0, 2_0]) standbyTasks: ([]) prevActiveTasks: ([]) prevStandbyTasks: ([2_0]) changelogOffsetTotalsByTask: ([2_0=3]) taskLagTotals: ([2_0=0]) capacity: 1 assigned: 3]} with no followup probing rebalance.
2023-10-16 10:33:57.132  INFO 21080 --- [creator-video-mixbi-27df3015-d20d-4799-8bd2-07979d808620-StreamThread-1] o.a.k.s.p.i.StreamsPartitionAssignor     : stream-thread [creator-video-mixbi-27df3015-d20d-4799-8bd2-07979d808620-StreamThread-1-consumer] Assigned tasks [1_0, 2_0, 0_0] including stateful [2_0] to clients as: 
27df3015-d20d-4799-8bd2-07979d808620=[activeTasks: ([0_0, 1_0, 2_0]) standbyTasks: ([])].
2023-10-16 10:33:57.144  INFO 21080 --- [creator-video-mixbi-27df3015-d20d-4799-8bd2-07979d808620-StreamThread-1] o.a.k.s.p.i.StreamsPartitionAssignor     : stream-thread [creator-video-mixbi-27df3015-d20d-4799-8bd2-07979d808620-StreamThread-1-consumer] Client 27df3015-d20d-4799-8bd2-07979d808620 per-consumer assignment:
	prev owned active {}
	prev owned standby {creator-video-mixbi-27df3015-d20d-4799-8bd2-07979d808620-StreamThread-1-consumer-980ac8f3-ef0d-46d4-95f1-f090b2198a29=[2_0]}
	assigned active {creator-video-mixbi-27df3015-d20d-4799-8bd2-07979d808620-StreamThread-1-consumer-980ac8f3-ef0d-46d4-95f1-f090b2198a29=[1_0, 2_0, 0_0]}
	revoking active {}
	assigned standby {}

2023-10-16 10:33:57.145  INFO 21080 --- [creator-video-mixbi-27df3015-d20d-4799-8bd2-07979d808620-StreamThread-1] o.a.k.s.p.i.StreamsPartitionAssignor     : stream-thread [creator-video-mixbi-27df3015-d20d-4799-8bd2-07979d808620-StreamThread-1-consumer] Finished stable assignment of tasks, no followup rebalances required.
2023-10-16 10:33:57.147  INFO 21080 --- [creator-video-mixbi-27df3015-d20d-4799-8bd2-07979d808620-StreamThread-1] o.a.k.c.c.internals.ConsumerCoordinator  : [Consumer clientId=creator-video-mixbi-27df3015-d20d-4799-8bd2-07979d808620-StreamThread-1-consumer, groupId=creator-video-mixbi] Finished assignment for group at generation 1: {creator-video-mixbi-27df3015-d20d-4799-8bd2-07979d808620-StreamThread-1-consumer-980ac8f3-ef0d-46d4-95f1-f090b2198a29=Assignment(partitions=[creator-video-mixbi-CREATOR_MIXBI-repartition-0, creator-video-mixbi-VIDEO_MIXBI-repartition-0, creators-0, videos-aggregator-0], userDataSize=88)}
2023-10-16 10:33:57.160  INFO 21080 --- [creator-video-mixbi-27df3015-d20d-4799-8bd2-07979d808620-StreamThread-1] o.a.k.c.c.internals.ConsumerCoordinator  : [Consumer clientId=creator-video-mixbi-27df3015-d20d-4799-8bd2-07979d808620-StreamThread-1-consumer, groupId=creator-video-mixbi] Successfully synced group in generation Generation{generationId=1, memberId='creator-video-mixbi-27df3015-d20d-4799-8bd2-07979d808620-StreamThread-1-consumer-980ac8f3-ef0d-46d4-95f1-f090b2198a29', protocol='stream'}
2023-10-16 10:33:57.161  INFO 21080 --- [creator-video-mixbi-27df3015-d20d-4799-8bd2-07979d808620-StreamThread-1] o.a.k.c.c.internals.ConsumerCoordinator  : [Consumer clientId=creator-video-mixbi-27df3015-d20d-4799-8bd2-07979d808620-StreamThread-1-consumer, groupId=creator-video-mixbi] Request joining group due to: cached metadata has changed from (version3: {creators=1, videos-aggregator=1}) at the beginning of the rebalance to (version4: {creators=1, creator-video-mixbi-CREATOR_MIXBI-repartition=1, videos-aggregator=1, creator-video-mixbi-VIDEO_MIXBI-repartition=1})
2023-10-16 10:33:57.162  INFO 21080 --- [creator-video-mixbi-27df3015-d20d-4799-8bd2-07979d808620-StreamThread-1] o.a.k.c.c.internals.ConsumerCoordinator  : [Consumer clientId=creator-video-mixbi-27df3015-d20d-4799-8bd2-07979d808620-StreamThread-1-consumer, groupId=creator-video-mixbi] Updating assignment with
	Assigned partitions:                       [creator-video-mixbi-CREATOR_MIXBI-repartition-0, creators-0, videos-aggregator-0, creator-video-mixbi-VIDEO_MIXBI-repartition-0]
	Current owned partitions:                  []
	Added partitions (assigned - owned):       [creator-video-mixbi-CREATOR_MIXBI-repartition-0, creators-0, videos-aggregator-0, creator-video-mixbi-VIDEO_MIXBI-repartition-0]
	Revoked partitions (owned - assigned):     []

2023-10-16 10:33:57.162  INFO 21080 --- [creator-video-mixbi-27df3015-d20d-4799-8bd2-07979d808620-StreamThread-1] o.a.k.c.c.internals.ConsumerCoordinator  : [Consumer clientId=creator-video-mixbi-27df3015-d20d-4799-8bd2-07979d808620-StreamThread-1-consumer, groupId=creator-video-mixbi] Notifying assignor about the new Assignment(partitions=[creator-video-mixbi-CREATOR_MIXBI-repartition-0, creator-video-mixbi-VIDEO_MIXBI-repartition-0, creators-0, videos-aggregator-0], userDataSize=88)
2023-10-16 10:33:57.163  INFO 21080 --- [creator-video-mixbi-27df3015-d20d-4799-8bd2-07979d808620-StreamThread-1] o.a.k.s.p.i.StreamsPartitionAssignor     : stream-thread [creator-video-mixbi-27df3015-d20d-4799-8bd2-07979d808620-StreamThread-1-consumer] No followup rebalance was requested, resetting the rebalance schedule.
2023-10-16 10:33:57.166  INFO 21080 --- [creator-video-mixbi-27df3015-d20d-4799-8bd2-07979d808620-StreamThread-1] o.a.k.s.processor.internals.TaskManager  : stream-thread [creator-video-mixbi-27df3015-d20d-4799-8bd2-07979d808620-StreamThread-1] Handle new assignment with:
	New active tasks: [1_0, 2_0, 0_0]
	New standby tasks: []
	Existing active tasks: []
	Existing standby tasks: []
2023-10-16 10:33:57.211  INFO 21080 --- [creator-video-mixbi-27df3015-d20d-4799-8bd2-07979d808620-StreamThread-1] o.a.k.c.c.internals.ConsumerCoordinator  : [Consumer clientId=creator-video-mixbi-27df3015-d20d-4799-8bd2-07979d808620-StreamThread-1-consumer, groupId=creator-video-mixbi] Adding newly assigned partitions: creator-video-mixbi-CREATOR_MIXBI-repartition-0, creators-0, videos-aggregator-0, creator-video-mixbi-VIDEO_MIXBI-repartition-0
2023-10-16 10:33:57.212  INFO 21080 --- [creator-video-mixbi-27df3015-d20d-4799-8bd2-07979d808620-StreamThread-1] o.a.k.s.p.internals.StreamThread         : stream-thread [creator-video-mixbi-27df3015-d20d-4799-8bd2-07979d808620-StreamThread-1] State transition from STARTING to PARTITIONS_ASSIGNED
2023-10-16 10:33:57.214  INFO 21080 --- [creator-video-mixbi-27df3015-d20d-4799-8bd2-07979d808620-StreamThread-1] o.a.k.c.c.internals.ConsumerCoordinator  : [Consumer clientId=creator-video-mixbi-27df3015-d20d-4799-8bd2-07979d808620-StreamThread-1-consumer, groupId=creator-video-mixbi] (Re-)joining group
2023-10-16 10:33:57.225  INFO 21080 --- [creator-video-mixbi-27df3015-d20d-4799-8bd2-07979d808620-StreamThread-1] o.a.k.c.c.internals.ConsumerCoordinator  : [Consumer clientId=creator-video-mixbi-27df3015-d20d-4799-8bd2-07979d808620-StreamThread-1-consumer, groupId=creator-video-mixbi] Successfully joined group with generation Generation{generationId=2, memberId='creator-video-mixbi-27df3015-d20d-4799-8bd2-07979d808620-StreamThread-1-consumer-980ac8f3-ef0d-46d4-95f1-f090b2198a29', protocol='stream'}
2023-10-16 10:33:57.253  WARN 21080 --- [creator-video-mixbi-27df3015-d20d-4799-8bd2-07979d808620-StreamThread-1] o.a.k.s.p.i.assignment.ClientState       : Task 2_0 had endOffsetSum=0 smaller than offsetSum=3 on member 27df3015-d20d-4799-8bd2-07979d808620. This probably means the task is corrupted, which in turn indicates that it will need to restore from scratch if it gets assigned. The assignor will de-prioritize returning this task to this member in the hopes that some other member may be able to re-use its state.
2023-10-16 10:33:57.253  INFO 21080 --- [creator-video-mixbi-27df3015-d20d-4799-8bd2-07979d808620-StreamThread-1] o.a.k.s.p.i.StreamsPartitionAssignor     : stream-thread [creator-video-mixbi-27df3015-d20d-4799-8bd2-07979d808620-StreamThread-1-consumer] All members participating in this rebalance: 
27df3015-d20d-4799-8bd2-07979d808620: [creator-video-mixbi-27df3015-d20d-4799-8bd2-07979d808620-StreamThread-1-consumer-980ac8f3-ef0d-46d4-95f1-f090b2198a29].
2023-10-16 10:33:57.254  INFO 21080 --- [creator-video-mixbi-27df3015-d20d-4799-8bd2-07979d808620-StreamThread-1] a.k.s.p.i.a.HighAvailabilityTaskAssignor : Decided on assignment: {27df3015-d20d-4799-8bd2-07979d808620=[activeTasks: ([0_0, 1_0, 2_0]) standbyTasks: ([]) prevActiveTasks: ([0_0, 1_0, 2_0]) prevStandbyTasks: ([]) changelogOffsetTotalsByTask: ([2_0=3]) taskLagTotals: ([2_0=0]) capacity: 1 assigned: 3]} with no followup probing rebalance.
2023-10-16 10:33:57.254  INFO 21080 --- [creator-video-mixbi-27df3015-d20d-4799-8bd2-07979d808620-StreamThread-1] o.a.k.s.p.i.StreamsPartitionAssignor     : stream-thread [creator-video-mixbi-27df3015-d20d-4799-8bd2-07979d808620-StreamThread-1-consumer] Assigned tasks [1_0, 2_0, 0_0] including stateful [2_0] to clients as: 
27df3015-d20d-4799-8bd2-07979d808620=[activeTasks: ([0_0, 1_0, 2_0]) standbyTasks: ([])].
2023-10-16 10:33:57.254  INFO 21080 --- [creator-video-mixbi-27df3015-d20d-4799-8bd2-07979d808620-StreamThread-1] o.a.k.s.p.i.StreamsPartitionAssignor     : stream-thread [creator-video-mixbi-27df3015-d20d-4799-8bd2-07979d808620-StreamThread-1-consumer] Client 27df3015-d20d-4799-8bd2-07979d808620 per-consumer assignment:
	prev owned active {creator-video-mixbi-27df3015-d20d-4799-8bd2-07979d808620-StreamThread-1-consumer-980ac8f3-ef0d-46d4-95f1-f090b2198a29=[1_0, 2_0, 0_0]}
	prev owned standby {creator-video-mixbi-27df3015-d20d-4799-8bd2-07979d808620-StreamThread-1-consumer-980ac8f3-ef0d-46d4-95f1-f090b2198a29=[]}
	assigned active {creator-video-mixbi-27df3015-d20d-4799-8bd2-07979d808620-StreamThread-1-consumer-980ac8f3-ef0d-46d4-95f1-f090b2198a29=[1_0, 2_0, 0_0]}
	revoking active {}
	assigned standby {}

2023-10-16 10:33:57.254  INFO 21080 --- [creator-video-mixbi-27df3015-d20d-4799-8bd2-07979d808620-StreamThread-1] o.a.k.s.p.i.StreamsPartitionAssignor     : stream-thread [creator-video-mixbi-27df3015-d20d-4799-8bd2-07979d808620-StreamThread-1-consumer] Finished stable assignment of tasks, no followup rebalances required.
2023-10-16 10:33:57.255  INFO 21080 --- [creator-video-mixbi-27df3015-d20d-4799-8bd2-07979d808620-StreamThread-1] o.a.k.c.c.internals.ConsumerCoordinator  : [Consumer clientId=creator-video-mixbi-27df3015-d20d-4799-8bd2-07979d808620-StreamThread-1-consumer, groupId=creator-video-mixbi] Finished assignment for group at generation 2: {creator-video-mixbi-27df3015-d20d-4799-8bd2-07979d808620-StreamThread-1-consumer-980ac8f3-ef0d-46d4-95f1-f090b2198a29=Assignment(partitions=[creator-video-mixbi-CREATOR_MIXBI-repartition-0, creator-video-mixbi-VIDEO_MIXBI-repartition-0, creators-0, videos-aggregator-0], userDataSize=88)}
2023-10-16 10:33:57.257  INFO 21080 --- [creator-video-mixbi-27df3015-d20d-4799-8bd2-07979d808620-StreamThread-1] o.a.k.s.processor.internals.StreamTask   : stream-thread [creator-video-mixbi-27df3015-d20d-4799-8bd2-07979d808620-StreamThread-1] task [0_0] Initialized
2023-10-16 10:33:57.258  INFO 21080 --- [creator-video-mixbi-27df3015-d20d-4799-8bd2-07979d808620-StreamThread-1] o.a.k.s.processor.internals.StreamTask   : stream-thread [creator-video-mixbi-27df3015-d20d-4799-8bd2-07979d808620-StreamThread-1] task [1_0] Initialized
2023-10-16 10:33:57.264  INFO 21080 --- [creator-video-mixbi-27df3015-d20d-4799-8bd2-07979d808620-StreamThread-1] i.c.k.s.KafkaAvroSerializerConfig        : KafkaAvroSerializerConfig values: 
	bearer.auth.token = [hidden]
	proxy.port = -1
	schema.reflection = false
	auto.register.schemas = true
	max.schemas.per.subject = 1000
	basic.auth.credentials.source = URL
	value.subject.name.strategy = class io.confluent.kafka.serializers.subject.TopicNameStrategy
	schema.registry.url = [http://localhost:8081]
	basic.auth.user.info = [hidden]
	proxy.host = 
	schema.registry.basic.auth.user.info = [hidden]
	bearer.auth.credentials.source = STATIC_TOKEN
	key.subject.name.strategy = class io.confluent.kafka.serializers.subject.TopicNameStrategy

2023-10-16 10:33:57.265  INFO 21080 --- [creator-video-mixbi-27df3015-d20d-4799-8bd2-07979d808620-StreamThread-1] i.c.k.s.KafkaAvroDeserializerConfig      : KafkaAvroDeserializerConfig values: 
	bearer.auth.token = [hidden]
	proxy.port = -1
	schema.reflection = false
	auto.register.schemas = true
	max.schemas.per.subject = 1000
	basic.auth.credentials.source = URL
	specific.avro.reader = true
	value.subject.name.strategy = class io.confluent.kafka.serializers.subject.TopicNameStrategy
	schema.registry.url = [http://localhost:8081]
	basic.auth.user.info = [hidden]
	proxy.host = 
	schema.registry.basic.auth.user.info = [hidden]
	bearer.auth.credentials.source = STATIC_TOKEN
	key.subject.name.strategy = class io.confluent.kafka.serializers.subject.TopicNameStrategy

2023-10-16 10:33:57.267  INFO 21080 --- [creator-video-mixbi-27df3015-d20d-4799-8bd2-07979d808620-StreamThread-1] i.c.k.s.KafkaAvroSerializerConfig        : KafkaAvroSerializerConfig values: 
	bearer.auth.token = [hidden]
	proxy.port = -1
	schema.reflection = false
	auto.register.schemas = true
	max.schemas.per.subject = 1000
	basic.auth.credentials.source = URL
	value.subject.name.strategy = class io.confluent.kafka.serializers.subject.TopicNameStrategy
	schema.registry.url = [http://localhost:8081]
	basic.auth.user.info = [hidden]
	proxy.host = 
	schema.registry.basic.auth.user.info = [hidden]
	bearer.auth.credentials.source = STATIC_TOKEN
	key.subject.name.strategy = class io.confluent.kafka.serializers.subject.TopicNameStrategy

2023-10-16 10:33:57.268  INFO 21080 --- [creator-video-mixbi-27df3015-d20d-4799-8bd2-07979d808620-StreamThread-1] i.c.k.s.KafkaAvroDeserializerConfig      : KafkaAvroDeserializerConfig values: 
	bearer.auth.token = [hidden]
	proxy.port = -1
	schema.reflection = false
	auto.register.schemas = true
	max.schemas.per.subject = 1000
	basic.auth.credentials.source = URL
	specific.avro.reader = true
	value.subject.name.strategy = class io.confluent.kafka.serializers.subject.TopicNameStrategy
	schema.registry.url = [http://localhost:8081]
	basic.auth.user.info = [hidden]
	proxy.host = 
	schema.registry.basic.auth.user.info = [hidden]
	bearer.auth.credentials.source = STATIC_TOKEN
	key.subject.name.strategy = class io.confluent.kafka.serializers.subject.TopicNameStrategy

2023-10-16 10:33:57.358  INFO 21080 --- [kafka-coordinator-heartbeat-thread | creator-video-mixbi] o.a.k.c.c.internals.ConsumerCoordinator  : [Consumer clientId=creator-video-mixbi-27df3015-d20d-4799-8bd2-07979d808620-StreamThread-1-consumer, groupId=creator-video-mixbi] Successfully synced group in generation Generation{generationId=2, memberId='creator-video-mixbi-27df3015-d20d-4799-8bd2-07979d808620-StreamThread-1-consumer-980ac8f3-ef0d-46d4-95f1-f090b2198a29', protocol='stream'}
2023-10-16 10:33:57.750  INFO 21080 --- [creator-video-mixbi-27df3015-d20d-4799-8bd2-07979d808620-StreamThread-1] o.a.k.s.s.i.RocksDBTimestampedStore      : Opening store CREATOR_MIXBI in regular mode
2023-10-16 10:33:57.758  INFO 21080 --- [creator-video-mixbi-27df3015-d20d-4799-8bd2-07979d808620-StreamThread-1] i.c.k.s.KafkaAvroSerializerConfig        : KafkaAvroSerializerConfig values: 
	bearer.auth.token = [hidden]
	proxy.port = -1
	schema.reflection = false
	auto.register.schemas = true
	max.schemas.per.subject = 1000
	basic.auth.credentials.source = URL
	value.subject.name.strategy = class io.confluent.kafka.serializers.subject.TopicNameStrategy
	schema.registry.url = [http://localhost:8081]
	basic.auth.user.info = [hidden]
	proxy.host = 
	schema.registry.basic.auth.user.info = [hidden]
	bearer.auth.credentials.source = STATIC_TOKEN
	key.subject.name.strategy = class io.confluent.kafka.serializers.subject.TopicNameStrategy

2023-10-16 10:33:57.759  INFO 21080 --- [creator-video-mixbi-27df3015-d20d-4799-8bd2-07979d808620-StreamThread-1] i.c.k.s.KafkaAvroDeserializerConfig      : KafkaAvroDeserializerConfig values: 
	bearer.auth.token = [hidden]
	proxy.port = -1
	schema.reflection = false
	auto.register.schemas = true
	max.schemas.per.subject = 1000
	basic.auth.credentials.source = URL
	specific.avro.reader = true
	value.subject.name.strategy = class io.confluent.kafka.serializers.subject.TopicNameStrategy
	schema.registry.url = [http://localhost:8081]
	basic.auth.user.info = [hidden]
	proxy.host = 
	schema.registry.basic.auth.user.info = [hidden]
	bearer.auth.credentials.source = STATIC_TOKEN
	key.subject.name.strategy = class io.confluent.kafka.serializers.subject.TopicNameStrategy

2023-10-16 10:33:57.761  INFO 21080 --- [creator-video-mixbi-27df3015-d20d-4799-8bd2-07979d808620-StreamThread-1] i.c.k.s.KafkaAvroSerializerConfig        : KafkaAvroSerializerConfig values: 
	bearer.auth.token = [hidden]
	proxy.port = -1
	schema.reflection = false
	auto.register.schemas = true
	max.schemas.per.subject = 1000
	basic.auth.credentials.source = URL
	value.subject.name.strategy = class io.confluent.kafka.serializers.subject.TopicNameStrategy
	schema.registry.url = [http://localhost:8081]
	basic.auth.user.info = [hidden]
	proxy.host = 
	schema.registry.basic.auth.user.info = [hidden]
	bearer.auth.credentials.source = STATIC_TOKEN
	key.subject.name.strategy = class io.confluent.kafka.serializers.subject.TopicNameStrategy

2023-10-16 10:33:57.762  INFO 21080 --- [creator-video-mixbi-27df3015-d20d-4799-8bd2-07979d808620-StreamThread-1] i.c.k.s.KafkaAvroDeserializerConfig      : KafkaAvroDeserializerConfig values: 
	bearer.auth.token = [hidden]
	proxy.port = -1
	schema.reflection = false
	auto.register.schemas = true
	max.schemas.per.subject = 1000
	basic.auth.credentials.source = URL
	specific.avro.reader = true
	value.subject.name.strategy = class io.confluent.kafka.serializers.subject.TopicNameStrategy
	schema.registry.url = [http://localhost:8081]
	basic.auth.user.info = [hidden]
	proxy.host = 
	schema.registry.basic.auth.user.info = [hidden]
	bearer.auth.credentials.source = STATIC_TOKEN
	key.subject.name.strategy = class io.confluent.kafka.serializers.subject.TopicNameStrategy

2023-10-16 10:33:57.858  INFO 21080 --- [creator-video-mixbi-27df3015-d20d-4799-8bd2-07979d808620-StreamThread-1] o.a.k.s.s.i.RocksDBTimestampedStore      : Opening store VIDEO_MIXBI in regular mode
2023-10-16 10:33:57.860  INFO 21080 --- [creator-video-mixbi-27df3015-d20d-4799-8bd2-07979d808620-StreamThread-1] o.a.k.s.processor.internals.StreamTask   : stream-thread [creator-video-mixbi-27df3015-d20d-4799-8bd2-07979d808620-StreamThread-1] task [2_0] Initialized
2023-10-16 10:33:57.871  INFO 21080 --- [creator-video-mixbi-27df3015-d20d-4799-8bd2-07979d808620-StreamThread-1] o.a.k.c.c.internals.ConsumerCoordinator  : [Consumer clientId=creator-video-mixbi-27df3015-d20d-4799-8bd2-07979d808620-StreamThread-1-consumer, groupId=creator-video-mixbi] Found no committed offset for partition creators-0
2023-10-16 10:33:57.875  INFO 21080 --- [creator-video-mixbi-27df3015-d20d-4799-8bd2-07979d808620-StreamThread-1] i.c.k.s.KafkaAvroSerializerConfig        : KafkaAvroSerializerConfig values: 
	bearer.auth.token = [hidden]
	proxy.port = -1
	schema.reflection = false
	auto.register.schemas = true
	max.schemas.per.subject = 1000
	basic.auth.credentials.source = URL
	value.subject.name.strategy = class io.confluent.kafka.serializers.subject.TopicNameStrategy
	schema.registry.url = [http://localhost:8081]
	basic.auth.user.info = [hidden]
	proxy.host = 
	schema.registry.basic.auth.user.info = [hidden]
	bearer.auth.credentials.source = STATIC_TOKEN
	key.subject.name.strategy = class io.confluent.kafka.serializers.subject.TopicNameStrategy

2023-10-16 10:33:57.876  INFO 21080 --- [creator-video-mixbi-27df3015-d20d-4799-8bd2-07979d808620-StreamThread-1] i.c.k.s.KafkaAvroDeserializerConfig      : KafkaAvroDeserializerConfig values: 
	bearer.auth.token = [hidden]
	proxy.port = -1
	schema.reflection = false
	auto.register.schemas = true
	max.schemas.per.subject = 1000
	basic.auth.credentials.source = URL
	specific.avro.reader = true
	value.subject.name.strategy = class io.confluent.kafka.serializers.subject.TopicNameStrategy
	schema.registry.url = [http://localhost:8081]
	basic.auth.user.info = [hidden]
	proxy.host = 
	schema.registry.basic.auth.user.info = [hidden]
	bearer.auth.credentials.source = STATIC_TOKEN
	key.subject.name.strategy = class io.confluent.kafka.serializers.subject.TopicNameStrategy

2023-10-16 10:33:57.876  INFO 21080 --- [creator-video-mixbi-27df3015-d20d-4799-8bd2-07979d808620-StreamThread-1] i.c.k.s.KafkaAvroSerializerConfig        : KafkaAvroSerializerConfig values: 
	bearer.auth.token = [hidden]
	proxy.port = -1
	schema.reflection = false
	auto.register.schemas = true
	max.schemas.per.subject = 1000
	basic.auth.credentials.source = URL
	value.subject.name.strategy = class io.confluent.kafka.serializers.subject.TopicNameStrategy
	schema.registry.url = [http://localhost:8081]
	basic.auth.user.info = [hidden]
	proxy.host = 
	schema.registry.basic.auth.user.info = [hidden]
	bearer.auth.credentials.source = STATIC_TOKEN
	key.subject.name.strategy = class io.confluent.kafka.serializers.subject.TopicNameStrategy

2023-10-16 10:33:57.876  INFO 21080 --- [creator-video-mixbi-27df3015-d20d-4799-8bd2-07979d808620-StreamThread-1] i.c.k.s.KafkaAvroDeserializerConfig      : KafkaAvroDeserializerConfig values: 
	bearer.auth.token = [hidden]
	proxy.port = -1
	schema.reflection = false
	auto.register.schemas = true
	max.schemas.per.subject = 1000
	basic.auth.credentials.source = URL
	specific.avro.reader = true
	value.subject.name.strategy = class io.confluent.kafka.serializers.subject.TopicNameStrategy
	schema.registry.url = [http://localhost:8081]
	basic.auth.user.info = [hidden]
	proxy.host = 
	schema.registry.basic.auth.user.info = [hidden]
	bearer.auth.credentials.source = STATIC_TOKEN
	key.subject.name.strategy = class io.confluent.kafka.serializers.subject.TopicNameStrategy

2023-10-16 10:33:57.876  INFO 21080 --- [creator-video-mixbi-27df3015-d20d-4799-8bd2-07979d808620-StreamThread-1] o.a.k.s.processor.internals.StreamTask   : stream-thread [creator-video-mixbi-27df3015-d20d-4799-8bd2-07979d808620-StreamThread-1] task [0_0] Restored and ready to run
2023-10-16 10:33:57.880  INFO 21080 --- [creator-video-mixbi-27df3015-d20d-4799-8bd2-07979d808620-StreamThread-1] o.a.k.c.c.internals.ConsumerCoordinator  : [Consumer clientId=creator-video-mixbi-27df3015-d20d-4799-8bd2-07979d808620-StreamThread-1-consumer, groupId=creator-video-mixbi] Found no committed offset for partition videos-aggregator-0
2023-10-16 10:33:57.882  INFO 21080 --- [creator-video-mixbi-27df3015-d20d-4799-8bd2-07979d808620-StreamThread-1] i.c.k.s.KafkaAvroSerializerConfig        : KafkaAvroSerializerConfig values: 
	bearer.auth.token = [hidden]
	proxy.port = -1
	schema.reflection = false
	auto.register.schemas = true
	max.schemas.per.subject = 1000
	basic.auth.credentials.source = URL
	value.subject.name.strategy = class io.confluent.kafka.serializers.subject.TopicNameStrategy
	schema.registry.url = [http://localhost:8081]
	basic.auth.user.info = [hidden]
	proxy.host = 
	schema.registry.basic.auth.user.info = [hidden]
	bearer.auth.credentials.source = STATIC_TOKEN
	key.subject.name.strategy = class io.confluent.kafka.serializers.subject.TopicNameStrategy

2023-10-16 10:33:57.882  INFO 21080 --- [creator-video-mixbi-27df3015-d20d-4799-8bd2-07979d808620-StreamThread-1] i.c.k.s.KafkaAvroDeserializerConfig      : KafkaAvroDeserializerConfig values: 
	bearer.auth.token = [hidden]
	proxy.port = -1
	schema.reflection = false
	auto.register.schemas = true
	max.schemas.per.subject = 1000
	basic.auth.credentials.source = URL
	specific.avro.reader = true
	value.subject.name.strategy = class io.confluent.kafka.serializers.subject.TopicNameStrategy
	schema.registry.url = [http://localhost:8081]
	basic.auth.user.info = [hidden]
	proxy.host = 
	schema.registry.basic.auth.user.info = [hidden]
	bearer.auth.credentials.source = STATIC_TOKEN
	key.subject.name.strategy = class io.confluent.kafka.serializers.subject.TopicNameStrategy

2023-10-16 10:33:57.883  INFO 21080 --- [creator-video-mixbi-27df3015-d20d-4799-8bd2-07979d808620-StreamThread-1] i.c.k.s.KafkaAvroSerializerConfig        : KafkaAvroSerializerConfig values: 
	bearer.auth.token = [hidden]
	proxy.port = -1
	schema.reflection = false
	auto.register.schemas = true
	max.schemas.per.subject = 1000
	basic.auth.credentials.source = URL
	value.subject.name.strategy = class io.confluent.kafka.serializers.subject.TopicNameStrategy
	schema.registry.url = [http://localhost:8081]
	basic.auth.user.info = [hidden]
	proxy.host = 
	schema.registry.basic.auth.user.info = [hidden]
	bearer.auth.credentials.source = STATIC_TOKEN
	key.subject.name.strategy = class io.confluent.kafka.serializers.subject.TopicNameStrategy

2023-10-16 10:33:57.884  INFO 21080 --- [creator-video-mixbi-27df3015-d20d-4799-8bd2-07979d808620-StreamThread-1] i.c.k.s.KafkaAvroDeserializerConfig      : KafkaAvroDeserializerConfig values: 
	bearer.auth.token = [hidden]
	proxy.port = -1
	schema.reflection = false
	auto.register.schemas = true
	max.schemas.per.subject = 1000
	basic.auth.credentials.source = URL
	specific.avro.reader = true
	value.subject.name.strategy = class io.confluent.kafka.serializers.subject.TopicNameStrategy
	schema.registry.url = [http://localhost:8081]
	basic.auth.user.info = [hidden]
	proxy.host = 
	schema.registry.basic.auth.user.info = [hidden]
	bearer.auth.credentials.source = STATIC_TOKEN
	key.subject.name.strategy = class io.confluent.kafka.serializers.subject.TopicNameStrategy

2023-10-16 10:33:57.884  INFO 21080 --- [creator-video-mixbi-27df3015-d20d-4799-8bd2-07979d808620-StreamThread-1] o.a.k.s.processor.internals.StreamTask   : stream-thread [creator-video-mixbi-27df3015-d20d-4799-8bd2-07979d808620-StreamThread-1] task [1_0] Restored and ready to run
2023-10-16 10:33:57.895  INFO 21080 --- [creator-video-mixbi-27df3015-d20d-4799-8bd2-07979d808620-StreamThread-1] o.a.k.clients.consumer.KafkaConsumer     : [Consumer clientId=creator-video-mixbi-27df3015-d20d-4799-8bd2-07979d808620-StreamThread-1-restore-consumer, groupId=null] Subscribed to partition(s): creator-video-mixbi-VIDEO_MIXBI-changelog-0, creator-video-mixbi-CREATOR_MIXBI-changelog-0
2023-10-16 10:33:57.897  INFO 21080 --- [creator-video-mixbi-27df3015-d20d-4799-8bd2-07979d808620-StreamThread-1] o.a.k.clients.consumer.KafkaConsumer     : [Consumer clientId=creator-video-mixbi-27df3015-d20d-4799-8bd2-07979d808620-StreamThread-1-restore-consumer, groupId=null] Seeking to offset 2 for partition creator-video-mixbi-VIDEO_MIXBI-changelog-0
2023-10-16 10:33:57.902  INFO 21080 --- [creator-video-mixbi-27df3015-d20d-4799-8bd2-07979d808620-StreamThread-1] o.a.k.clients.consumer.KafkaConsumer     : [Consumer clientId=creator-video-mixbi-27df3015-d20d-4799-8bd2-07979d808620-StreamThread-1-restore-consumer, groupId=null] Seeking to offset 3 for partition creator-video-mixbi-CREATOR_MIXBI-changelog-0
2023-10-16 10:33:57.922  INFO 21080 --- [creator-video-mixbi-27df3015-d20d-4799-8bd2-07979d808620-StreamThread-1] org.apache.kafka.clients.Metadata        : [Consumer clientId=creator-video-mixbi-27df3015-d20d-4799-8bd2-07979d808620-StreamThread-1-restore-consumer, groupId=null] Cluster ID: 6PPc6K4vSlqt2VmmJgoeRQ
2023-10-16 10:33:57.981  INFO 21080 --- [creator-video-mixbi-27df3015-d20d-4799-8bd2-07979d808620-StreamThread-1] o.a.k.c.consumer.internals.Fetcher       : [Consumer clientId=creator-video-mixbi-27df3015-d20d-4799-8bd2-07979d808620-StreamThread-1-restore-consumer, groupId=null] Fetch position FetchPosition{offset=2, offsetEpoch=Optional.empty, currentLeader=LeaderAndEpoch{leader=Optional[localhost:9092 (id: 1 rack: null)], epoch=0}} is out of range for partition creator-video-mixbi-VIDEO_MIXBI-changelog-0, raising error to the application since no reset policy is configured
2023-10-16 10:33:58.001  WARN 21080 --- [creator-video-mixbi-27df3015-d20d-4799-8bd2-07979d808620-StreamThread-1] o.a.k.s.p.i.StoreChangelogReader         : stream-thread [creator-video-mixbi-27df3015-d20d-4799-8bd2-07979d808620-StreamThread-1] Encountered org.apache.kafka.clients.consumer.OffsetOutOfRangeException fetching records from restore consumer for partitions [creator-video-mixbi-VIDEO_MIXBI-changelog-0], it is likely that the consumer's position has fallen out of the topic partition offset range because the topic was truncated or compacted on the broker, marking the corresponding tasks as corrupted and re-initializing it later.

org.apache.kafka.clients.consumer.OffsetOutOfRangeException: Fetch position FetchPosition{offset=2, offsetEpoch=Optional.empty, currentLeader=LeaderAndEpoch{leader=Optional[localhost:9092 (id: 1 rack: null)], epoch=0}} is out of range for partition creator-video-mixbi-VIDEO_MIXBI-changelog-0
	at org.apache.kafka.clients.consumer.internals.Fetcher.handleOffsetOutOfRange(Fetcher.java:1418) ~[kafka-clients-3.1.2.jar:na]
	at org.apache.kafka.clients.consumer.internals.Fetcher.initializeCompletedFetch(Fetcher.java:1370) ~[kafka-clients-3.1.2.jar:na]
	at org.apache.kafka.clients.consumer.internals.Fetcher.fetchedRecords(Fetcher.java:660) ~[kafka-clients-3.1.2.jar:na]
	at org.apache.kafka.clients.consumer.KafkaConsumer.pollForFetches(KafkaConsumer.java:1304) ~[kafka-clients-3.1.2.jar:na]
	at org.apache.kafka.clients.consumer.KafkaConsumer.poll(KafkaConsumer.java:1238) ~[kafka-clients-3.1.2.jar:na]
	at org.apache.kafka.clients.consumer.KafkaConsumer.poll(KafkaConsumer.java:1211) ~[kafka-clients-3.1.2.jar:na]
	at org.apache.kafka.streams.processor.internals.StoreChangelogReader.restore(StoreChangelogReader.java:434) ~[kafka-streams-3.1.2.jar:na]
	at org.apache.kafka.streams.processor.internals.StreamThread.initializeAndRestorePhase(StreamThread.java:897) ~[kafka-streams-3.1.2.jar:na]
	at org.apache.kafka.streams.processor.internals.StreamThread.runOnce(StreamThread.java:762) ~[kafka-streams-3.1.2.jar:na]
	at org.apache.kafka.streams.processor.internals.StreamThread.runLoop(StreamThread.java:604) ~[kafka-streams-3.1.2.jar:na]
	at org.apache.kafka.streams.processor.internals.StreamThread.run(StreamThread.java:576) ~[kafka-streams-3.1.2.jar:na]

2023-10-16 10:33:58.003  WARN 21080 --- [creator-video-mixbi-27df3015-d20d-4799-8bd2-07979d808620-StreamThread-1] o.a.k.s.p.internals.StreamThread         : stream-thread [creator-video-mixbi-27df3015-d20d-4799-8bd2-07979d808620-StreamThread-1] Detected the states of tasks [2_0] are corrupted. Will close the task as dirty and re-create and bootstrap from scratch.

org.apache.kafka.streams.errors.TaskCorruptedException: Tasks [2_0] are corrupted and hence needs to be re-initialized
	at org.apache.kafka.streams.processor.internals.StoreChangelogReader.restore(StoreChangelogReader.java:447) ~[kafka-streams-3.1.2.jar:na]
	at org.apache.kafka.streams.processor.internals.StreamThread.initializeAndRestorePhase(StreamThread.java:897) ~[kafka-streams-3.1.2.jar:na]
	at org.apache.kafka.streams.processor.internals.StreamThread.runOnce(StreamThread.java:762) ~[kafka-streams-3.1.2.jar:na]
	at org.apache.kafka.streams.processor.internals.StreamThread.runLoop(StreamThread.java:604) ~[kafka-streams-3.1.2.jar:na]
	at org.apache.kafka.streams.processor.internals.StreamThread.run(StreamThread.java:576) ~[kafka-streams-3.1.2.jar:na]
Caused by: org.apache.kafka.clients.consumer.OffsetOutOfRangeException: Fetch position FetchPosition{offset=2, offsetEpoch=Optional.empty, currentLeader=LeaderAndEpoch{leader=Optional[localhost:9092 (id: 1 rack: null)], epoch=0}} is out of range for partition creator-video-mixbi-VIDEO_MIXBI-changelog-0
	at org.apache.kafka.clients.consumer.internals.Fetcher.handleOffsetOutOfRange(Fetcher.java:1418) ~[kafka-clients-3.1.2.jar:na]
	at org.apache.kafka.clients.consumer.internals.Fetcher.initializeCompletedFetch(Fetcher.java:1370) ~[kafka-clients-3.1.2.jar:na]
	at org.apache.kafka.clients.consumer.internals.Fetcher.fetchedRecords(Fetcher.java:660) ~[kafka-clients-3.1.2.jar:na]
	at org.apache.kafka.clients.consumer.KafkaConsumer.pollForFetches(KafkaConsumer.java:1304) ~[kafka-clients-3.1.2.jar:na]
	at org.apache.kafka.clients.consumer.KafkaConsumer.poll(KafkaConsumer.java:1238) ~[kafka-clients-3.1.2.jar:na]
	at org.apache.kafka.clients.consumer.KafkaConsumer.poll(KafkaConsumer.java:1211) ~[kafka-clients-3.1.2.jar:na]
	at org.apache.kafka.streams.processor.internals.StoreChangelogReader.restore(StoreChangelogReader.java:434) ~[kafka-streams-3.1.2.jar:na]
	... 4 common frames omitted

2023-10-16 10:33:58.005  INFO 21080 --- [creator-video-mixbi-27df3015-d20d-4799-8bd2-07979d808620-StreamThread-1] o.a.k.s.processor.internals.StreamTask   : stream-thread [creator-video-mixbi-27df3015-d20d-4799-8bd2-07979d808620-StreamThread-1] task [2_0] Suspended RESTORING
2023-10-16 10:33:58.023  INFO 21080 --- [creator-video-mixbi-27df3015-d20d-4799-8bd2-07979d808620-StreamThread-1] o.a.k.clients.consumer.KafkaConsumer     : [Consumer clientId=creator-video-mixbi-27df3015-d20d-4799-8bd2-07979d808620-StreamThread-1-restore-consumer, groupId=null] Unsubscribed all topics or patterns and assigned partitions
2023-10-16 10:33:58.065  INFO 21080 --- [creator-video-mixbi-27df3015-d20d-4799-8bd2-07979d808620-StreamThread-1] o.a.k.s.p.internals.RecordCollectorImpl  : stream-thread [creator-video-mixbi-27df3015-d20d-4799-8bd2-07979d808620-StreamThread-1] task [2_0] Closing record collector dirty
2023-10-16 10:33:58.066  INFO 21080 --- [creator-video-mixbi-27df3015-d20d-4799-8bd2-07979d808620-StreamThread-1] o.a.k.s.processor.internals.StreamTask   : stream-thread [creator-video-mixbi-27df3015-d20d-4799-8bd2-07979d808620-StreamThread-1] task [2_0] Closed dirty
2023-10-16 10:33:58.068  INFO 21080 --- [creator-video-mixbi-27df3015-d20d-4799-8bd2-07979d808620-StreamThread-1] o.a.k.c.c.internals.ConsumerCoordinator  : [Consumer clientId=creator-video-mixbi-27df3015-d20d-4799-8bd2-07979d808620-StreamThread-1-consumer, groupId=creator-video-mixbi] Updating assignment with
	Assigned partitions:                       [creator-video-mixbi-CREATOR_MIXBI-repartition-0, creators-0, videos-aggregator-0, creator-video-mixbi-VIDEO_MIXBI-repartition-0]
	Current owned partitions:                  [creator-video-mixbi-CREATOR_MIXBI-repartition-0, creators-0, videos-aggregator-0, creator-video-mixbi-VIDEO_MIXBI-repartition-0]
	Added partitions (assigned - owned):       []
	Revoked partitions (owned - assigned):     []

2023-10-16 10:33:58.068  INFO 21080 --- [creator-video-mixbi-27df3015-d20d-4799-8bd2-07979d808620-StreamThread-1] o.a.k.c.c.internals.ConsumerCoordinator  : [Consumer clientId=creator-video-mixbi-27df3015-d20d-4799-8bd2-07979d808620-StreamThread-1-consumer, groupId=creator-video-mixbi] Notifying assignor about the new Assignment(partitions=[creator-video-mixbi-CREATOR_MIXBI-repartition-0, creator-video-mixbi-VIDEO_MIXBI-repartition-0, creators-0, videos-aggregator-0], userDataSize=88)
2023-10-16 10:33:58.069  INFO 21080 --- [creator-video-mixbi-27df3015-d20d-4799-8bd2-07979d808620-StreamThread-1] o.a.k.s.p.i.StreamsPartitionAssignor     : stream-thread [creator-video-mixbi-27df3015-d20d-4799-8bd2-07979d808620-StreamThread-1-consumer] No followup rebalance was requested, resetting the rebalance schedule.
2023-10-16 10:33:58.069  INFO 21080 --- [creator-video-mixbi-27df3015-d20d-4799-8bd2-07979d808620-StreamThread-1] o.a.k.s.processor.internals.TaskManager  : stream-thread [creator-video-mixbi-27df3015-d20d-4799-8bd2-07979d808620-StreamThread-1] Handle new assignment with:
	New active tasks: [1_0, 2_0, 0_0]
	New standby tasks: []
	Existing active tasks: [1_0, 2_0, 0_0]
	Existing standby tasks: []
2023-10-16 10:33:58.070  INFO 21080 --- [creator-video-mixbi-27df3015-d20d-4799-8bd2-07979d808620-StreamThread-1] o.a.k.c.c.internals.ConsumerCoordinator  : [Consumer clientId=creator-video-mixbi-27df3015-d20d-4799-8bd2-07979d808620-StreamThread-1-consumer, groupId=creator-video-mixbi] Adding newly assigned partitions: 
2023-10-16 10:33:58.070  INFO 21080 --- [creator-video-mixbi-27df3015-d20d-4799-8bd2-07979d808620-StreamThread-1] o.a.k.s.p.internals.StreamThread         : stream-thread [creator-video-mixbi-27df3015-d20d-4799-8bd2-07979d808620-StreamThread-1] State transition from PARTITIONS_ASSIGNED to PARTITIONS_ASSIGNED
2023-10-16 10:33:58.074  INFO 21080 --- [creator-video-mixbi-27df3015-d20d-4799-8bd2-07979d808620-StreamThread-1] i.c.k.s.KafkaAvroSerializerConfig        : KafkaAvroSerializerConfig values: 
	bearer.auth.token = [hidden]
	proxy.port = -1
	schema.reflection = false
	auto.register.schemas = true
	max.schemas.per.subject = 1000
	basic.auth.credentials.source = URL
	value.subject.name.strategy = class io.confluent.kafka.serializers.subject.TopicNameStrategy
	schema.registry.url = [http://localhost:8081]
	basic.auth.user.info = [hidden]
	proxy.host = 
	schema.registry.basic.auth.user.info = [hidden]
	bearer.auth.credentials.source = STATIC_TOKEN
	key.subject.name.strategy = class io.confluent.kafka.serializers.subject.TopicNameStrategy

2023-10-16 10:33:58.075  INFO 21080 --- [creator-video-mixbi-27df3015-d20d-4799-8bd2-07979d808620-StreamThread-1] i.c.k.s.KafkaAvroDeserializerConfig      : KafkaAvroDeserializerConfig values: 
	bearer.auth.token = [hidden]
	proxy.port = -1
	schema.reflection = false
	auto.register.schemas = true
	max.schemas.per.subject = 1000
	basic.auth.credentials.source = URL
	specific.avro.reader = true
	value.subject.name.strategy = class io.confluent.kafka.serializers.subject.TopicNameStrategy
	schema.registry.url = [http://localhost:8081]
	basic.auth.user.info = [hidden]
	proxy.host = 
	schema.registry.basic.auth.user.info = [hidden]
	bearer.auth.credentials.source = STATIC_TOKEN
	key.subject.name.strategy = class io.confluent.kafka.serializers.subject.TopicNameStrategy

2023-10-16 10:33:58.076  INFO 21080 --- [creator-video-mixbi-27df3015-d20d-4799-8bd2-07979d808620-StreamThread-1] i.c.k.s.KafkaAvroSerializerConfig        : KafkaAvroSerializerConfig values: 
	bearer.auth.token = [hidden]
	proxy.port = -1
	schema.reflection = false
	auto.register.schemas = true
	max.schemas.per.subject = 1000
	basic.auth.credentials.source = URL
	value.subject.name.strategy = class io.confluent.kafka.serializers.subject.TopicNameStrategy
	schema.registry.url = [http://localhost:8081]
	basic.auth.user.info = [hidden]
	proxy.host = 
	schema.registry.basic.auth.user.info = [hidden]
	bearer.auth.credentials.source = STATIC_TOKEN
	key.subject.name.strategy = class io.confluent.kafka.serializers.subject.TopicNameStrategy

2023-10-16 10:33:58.077  INFO 21080 --- [creator-video-mixbi-27df3015-d20d-4799-8bd2-07979d808620-StreamThread-1] i.c.k.s.KafkaAvroDeserializerConfig      : KafkaAvroDeserializerConfig values: 
	bearer.auth.token = [hidden]
	proxy.port = -1
	schema.reflection = false
	auto.register.schemas = true
	max.schemas.per.subject = 1000
	basic.auth.credentials.source = URL
	specific.avro.reader = true
	value.subject.name.strategy = class io.confluent.kafka.serializers.subject.TopicNameStrategy
	schema.registry.url = [http://localhost:8081]
	basic.auth.user.info = [hidden]
	proxy.host = 
	schema.registry.basic.auth.user.info = [hidden]
	bearer.auth.credentials.source = STATIC_TOKEN
	key.subject.name.strategy = class io.confluent.kafka.serializers.subject.TopicNameStrategy

2023-10-16 10:33:58.120  INFO 21080 --- [kafka-coordinator-heartbeat-thread | creator-video-mixbi] o.a.k.c.c.internals.ConsumerCoordinator  : [Consumer clientId=creator-video-mixbi-27df3015-d20d-4799-8bd2-07979d808620-StreamThread-1-consumer, groupId=creator-video-mixbi] Found no committed offset for partition creator-video-mixbi-CREATOR_MIXBI-repartition-0
2023-10-16 10:33:58.120  INFO 21080 --- [kafka-coordinator-heartbeat-thread | creator-video-mixbi] o.a.k.c.c.internals.ConsumerCoordinator  : [Consumer clientId=creator-video-mixbi-27df3015-d20d-4799-8bd2-07979d808620-StreamThread-1-consumer, groupId=creator-video-mixbi] Found no committed offset for partition creators-0
2023-10-16 10:33:58.121  INFO 21080 --- [kafka-coordinator-heartbeat-thread | creator-video-mixbi] o.a.k.c.c.internals.ConsumerCoordinator  : [Consumer clientId=creator-video-mixbi-27df3015-d20d-4799-8bd2-07979d808620-StreamThread-1-consumer, groupId=creator-video-mixbi] Found no committed offset for partition videos-aggregator-0
2023-10-16 10:33:58.121  INFO 21080 --- [kafka-coordinator-heartbeat-thread | creator-video-mixbi] o.a.k.c.c.internals.ConsumerCoordinator  : [Consumer clientId=creator-video-mixbi-27df3015-d20d-4799-8bd2-07979d808620-StreamThread-1-consumer, groupId=creator-video-mixbi] Found no committed offset for partition creator-video-mixbi-VIDEO_MIXBI-repartition-0
2023-10-16 10:33:58.165  INFO 21080 --- [creator-video-mixbi-27df3015-d20d-4799-8bd2-07979d808620-StreamThread-1] o.a.k.s.s.i.RocksDBTimestampedStore      : Opening store CREATOR_MIXBI in regular mode
2023-10-16 10:33:58.166  INFO 21080 --- [creator-video-mixbi-27df3015-d20d-4799-8bd2-07979d808620-StreamThread-1] i.c.k.s.KafkaAvroSerializerConfig        : KafkaAvroSerializerConfig values: 
	bearer.auth.token = [hidden]
	proxy.port = -1
	schema.reflection = false
	auto.register.schemas = true
	max.schemas.per.subject = 1000
	basic.auth.credentials.source = URL
	value.subject.name.strategy = class io.confluent.kafka.serializers.subject.TopicNameStrategy
	schema.registry.url = [http://localhost:8081]
	basic.auth.user.info = [hidden]
	proxy.host = 
	schema.registry.basic.auth.user.info = [hidden]
	bearer.auth.credentials.source = STATIC_TOKEN
	key.subject.name.strategy = class io.confluent.kafka.serializers.subject.TopicNameStrategy

2023-10-16 10:33:58.167  INFO 21080 --- [creator-video-mixbi-27df3015-d20d-4799-8bd2-07979d808620-StreamThread-1] i.c.k.s.KafkaAvroDeserializerConfig      : KafkaAvroDeserializerConfig values: 
	bearer.auth.token = [hidden]
	proxy.port = -1
	schema.reflection = false
	auto.register.schemas = true
	max.schemas.per.subject = 1000
	basic.auth.credentials.source = URL
	specific.avro.reader = true
	value.subject.name.strategy = class io.confluent.kafka.serializers.subject.TopicNameStrategy
	schema.registry.url = [http://localhost:8081]
	basic.auth.user.info = [hidden]
	proxy.host = 
	schema.registry.basic.auth.user.info = [hidden]
	bearer.auth.credentials.source = STATIC_TOKEN
	key.subject.name.strategy = class io.confluent.kafka.serializers.subject.TopicNameStrategy

2023-10-16 10:33:58.168  INFO 21080 --- [creator-video-mixbi-27df3015-d20d-4799-8bd2-07979d808620-StreamThread-1] i.c.k.s.KafkaAvroSerializerConfig        : KafkaAvroSerializerConfig values: 
	bearer.auth.token = [hidden]
	proxy.port = -1
	schema.reflection = false
	auto.register.schemas = true
	max.schemas.per.subject = 1000
	basic.auth.credentials.source = URL
	value.subject.name.strategy = class io.confluent.kafka.serializers.subject.TopicNameStrategy
	schema.registry.url = [http://localhost:8081]
	basic.auth.user.info = [hidden]
	proxy.host = 
	schema.registry.basic.auth.user.info = [hidden]
	bearer.auth.credentials.source = STATIC_TOKEN
	key.subject.name.strategy = class io.confluent.kafka.serializers.subject.TopicNameStrategy

2023-10-16 10:33:58.169  INFO 21080 --- [creator-video-mixbi-27df3015-d20d-4799-8bd2-07979d808620-StreamThread-1] i.c.k.s.KafkaAvroDeserializerConfig      : KafkaAvroDeserializerConfig values: 
	bearer.auth.token = [hidden]
	proxy.port = -1
	schema.reflection = false
	auto.register.schemas = true
	max.schemas.per.subject = 1000
	basic.auth.credentials.source = URL
	specific.avro.reader = true
	value.subject.name.strategy = class io.confluent.kafka.serializers.subject.TopicNameStrategy
	schema.registry.url = [http://localhost:8081]
	basic.auth.user.info = [hidden]
	proxy.host = 
	schema.registry.basic.auth.user.info = [hidden]
	bearer.auth.credentials.source = STATIC_TOKEN
	key.subject.name.strategy = class io.confluent.kafka.serializers.subject.TopicNameStrategy

2023-10-16 10:33:58.274  INFO 21080 --- [creator-video-mixbi-27df3015-d20d-4799-8bd2-07979d808620-StreamThread-1] o.a.k.s.s.i.RocksDBTimestampedStore      : Opening store VIDEO_MIXBI in regular mode
2023-10-16 10:33:58.276  INFO 21080 --- [creator-video-mixbi-27df3015-d20d-4799-8bd2-07979d808620-StreamThread-1] o.a.k.s.p.i.ProcessorStateManager        : stream-thread [creator-video-mixbi-27df3015-d20d-4799-8bd2-07979d808620-StreamThread-1] task [2_0] State store CREATOR_MIXBI did not find checkpoint offset, hence would default to the starting offset at changelog creator-video-mixbi-CREATOR_MIXBI-changelog-0
2023-10-16 10:33:58.276  INFO 21080 --- [creator-video-mixbi-27df3015-d20d-4799-8bd2-07979d808620-StreamThread-1] o.a.k.s.p.i.ProcessorStateManager        : stream-thread [creator-video-mixbi-27df3015-d20d-4799-8bd2-07979d808620-StreamThread-1] task [2_0] State store VIDEO_MIXBI did not find checkpoint offset, hence would default to the starting offset at changelog creator-video-mixbi-VIDEO_MIXBI-changelog-0
2023-10-16 10:33:58.276  INFO 21080 --- [creator-video-mixbi-27df3015-d20d-4799-8bd2-07979d808620-StreamThread-1] o.a.k.s.processor.internals.StreamTask   : stream-thread [creator-video-mixbi-27df3015-d20d-4799-8bd2-07979d808620-StreamThread-1] task [2_0] Initialized
2023-10-16 10:33:58.285  INFO 21080 --- [creator-video-mixbi-27df3015-d20d-4799-8bd2-07979d808620-StreamThread-1] o.a.k.clients.consumer.KafkaConsumer     : [Consumer clientId=creator-video-mixbi-27df3015-d20d-4799-8bd2-07979d808620-StreamThread-1-restore-consumer, groupId=null] Subscribed to partition(s): creator-video-mixbi-VIDEO_MIXBI-changelog-0, creator-video-mixbi-CREATOR_MIXBI-changelog-0
2023-10-16 10:33:58.287  INFO 21080 --- [creator-video-mixbi-27df3015-d20d-4799-8bd2-07979d808620-StreamThread-1] o.a.k.c.c.internals.SubscriptionState    : [Consumer clientId=creator-video-mixbi-27df3015-d20d-4799-8bd2-07979d808620-StreamThread-1-restore-consumer, groupId=null] Seeking to EARLIEST offset of partition creator-video-mixbi-VIDEO_MIXBI-changelog-0
2023-10-16 10:33:58.288  INFO 21080 --- [creator-video-mixbi-27df3015-d20d-4799-8bd2-07979d808620-StreamThread-1] o.a.k.c.c.internals.SubscriptionState    : [Consumer clientId=creator-video-mixbi-27df3015-d20d-4799-8bd2-07979d808620-StreamThread-1-restore-consumer, groupId=null] Seeking to EARLIEST offset of partition creator-video-mixbi-CREATOR_MIXBI-changelog-0
2023-10-16 10:33:58.302  INFO 21080 --- [creator-video-mixbi-27df3015-d20d-4799-8bd2-07979d808620-StreamThread-1] o.a.k.c.c.internals.SubscriptionState    : [Consumer clientId=creator-video-mixbi-27df3015-d20d-4799-8bd2-07979d808620-StreamThread-1-restore-consumer, groupId=null] Resetting offset for partition creator-video-mixbi-VIDEO_MIXBI-changelog-0 to position FetchPosition{offset=0, offsetEpoch=Optional.empty, currentLeader=LeaderAndEpoch{leader=Optional[localhost:9092 (id: 1 rack: null)], epoch=0}}.
2023-10-16 10:33:58.302  INFO 21080 --- [creator-video-mixbi-27df3015-d20d-4799-8bd2-07979d808620-StreamThread-1] o.a.k.c.c.internals.SubscriptionState    : [Consumer clientId=creator-video-mixbi-27df3015-d20d-4799-8bd2-07979d808620-StreamThread-1-restore-consumer, groupId=null] Resetting offset for partition creator-video-mixbi-CREATOR_MIXBI-changelog-0 to position FetchPosition{offset=0, offsetEpoch=Optional.empty, currentLeader=LeaderAndEpoch{leader=Optional[localhost:9092 (id: 1 rack: null)], epoch=0}}.
2023-10-16 10:33:58.414  INFO 21080 --- [creator-video-mixbi-27df3015-d20d-4799-8bd2-07979d808620-StreamThread-1] o.a.k.s.p.i.StoreChangelogReader         : stream-thread [creator-video-mixbi-27df3015-d20d-4799-8bd2-07979d808620-StreamThread-1] Finished restoring changelog creator-video-mixbi-VIDEO_MIXBI-changelog-0 to store VIDEO_MIXBI with a total number of 0 records
2023-10-16 10:33:58.415  INFO 21080 --- [creator-video-mixbi-27df3015-d20d-4799-8bd2-07979d808620-StreamThread-1] o.a.k.s.p.i.StoreChangelogReader         : stream-thread [creator-video-mixbi-27df3015-d20d-4799-8bd2-07979d808620-StreamThread-1] Finished restoring changelog creator-video-mixbi-CREATOR_MIXBI-changelog-0 to store CREATOR_MIXBI with a total number of 0 records
2023-10-16 10:33:58.420  INFO 21080 --- [creator-video-mixbi-27df3015-d20d-4799-8bd2-07979d808620-StreamThread-1] o.a.k.c.c.internals.ConsumerCoordinator  : [Consumer clientId=creator-video-mixbi-27df3015-d20d-4799-8bd2-07979d808620-StreamThread-1-consumer, groupId=creator-video-mixbi] Found no committed offset for partition creator-video-mixbi-CREATOR_MIXBI-repartition-0
2023-10-16 10:33:58.420  INFO 21080 --- [creator-video-mixbi-27df3015-d20d-4799-8bd2-07979d808620-StreamThread-1] o.a.k.c.c.internals.ConsumerCoordinator  : [Consumer clientId=creator-video-mixbi-27df3015-d20d-4799-8bd2-07979d808620-StreamThread-1-consumer, groupId=creator-video-mixbi] Found no committed offset for partition creator-video-mixbi-VIDEO_MIXBI-repartition-0
2023-10-16 10:33:58.423  INFO 21080 --- [creator-video-mixbi-27df3015-d20d-4799-8bd2-07979d808620-StreamThread-1] o.a.k.s.p.internals.StreamThread         : stream-thread [creator-video-mixbi-27df3015-d20d-4799-8bd2-07979d808620-StreamThread-1] No custom setting defined for topic 'creator-video-mixbi-CREATOR_MIXBI-repartition' using original config 'earliest' for offset reset
2023-10-16 10:33:58.423  INFO 21080 --- [creator-video-mixbi-27df3015-d20d-4799-8bd2-07979d808620-StreamThread-1] o.a.k.s.p.internals.StreamThread         : stream-thread [creator-video-mixbi-27df3015-d20d-4799-8bd2-07979d808620-StreamThread-1] No custom setting defined for topic 'creator-video-mixbi-VIDEO_MIXBI-repartition' using original config 'earliest' for offset reset
2023-10-16 10:33:58.424  INFO 21080 --- [creator-video-mixbi-27df3015-d20d-4799-8bd2-07979d808620-StreamThread-1] o.a.k.c.c.internals.SubscriptionState    : [Consumer clientId=creator-video-mixbi-27df3015-d20d-4799-8bd2-07979d808620-StreamThread-1-consumer, groupId=creator-video-mixbi] Seeking to EARLIEST offset of partition creator-video-mixbi-CREATOR_MIXBI-repartition-0
2023-10-16 10:33:58.424  INFO 21080 --- [creator-video-mixbi-27df3015-d20d-4799-8bd2-07979d808620-StreamThread-1] o.a.k.c.c.internals.SubscriptionState    : [Consumer clientId=creator-video-mixbi-27df3015-d20d-4799-8bd2-07979d808620-StreamThread-1-consumer, groupId=creator-video-mixbi] Seeking to EARLIEST offset of partition creator-video-mixbi-VIDEO_MIXBI-repartition-0
2023-10-16 10:33:58.426  INFO 21080 --- [creator-video-mixbi-27df3015-d20d-4799-8bd2-07979d808620-StreamThread-1] i.c.k.s.KafkaAvroSerializerConfig        : KafkaAvroSerializerConfig values: 
	bearer.auth.token = [hidden]
	proxy.port = -1
	schema.reflection = false
	auto.register.schemas = true
	max.schemas.per.subject = 1000
	basic.auth.credentials.source = URL
	value.subject.name.strategy = class io.confluent.kafka.serializers.subject.TopicNameStrategy
	schema.registry.url = [http://localhost:8081]
	basic.auth.user.info = [hidden]
	proxy.host = 
	schema.registry.basic.auth.user.info = [hidden]
	bearer.auth.credentials.source = STATIC_TOKEN
	key.subject.name.strategy = class io.confluent.kafka.serializers.subject.TopicNameStrategy

2023-10-16 10:33:58.426  INFO 21080 --- [creator-video-mixbi-27df3015-d20d-4799-8bd2-07979d808620-StreamThread-1] i.c.k.s.KafkaAvroDeserializerConfig      : KafkaAvroDeserializerConfig values: 
	bearer.auth.token = [hidden]
	proxy.port = -1
	schema.reflection = false
	auto.register.schemas = true
	max.schemas.per.subject = 1000
	basic.auth.credentials.source = URL
	specific.avro.reader = true
	value.subject.name.strategy = class io.confluent.kafka.serializers.subject.TopicNameStrategy
	schema.registry.url = [http://localhost:8081]
	basic.auth.user.info = [hidden]
	proxy.host = 
	schema.registry.basic.auth.user.info = [hidden]
	bearer.auth.credentials.source = STATIC_TOKEN
	key.subject.name.strategy = class io.confluent.kafka.serializers.subject.TopicNameStrategy

2023-10-16 10:33:58.427  INFO 21080 --- [creator-video-mixbi-27df3015-d20d-4799-8bd2-07979d808620-StreamThread-1] i.c.k.s.KafkaAvroSerializerConfig        : KafkaAvroSerializerConfig values: 
	bearer.auth.token = [hidden]
	proxy.port = -1
	schema.reflection = false
	auto.register.schemas = true
	max.schemas.per.subject = 1000
	basic.auth.credentials.source = URL
	value.subject.name.strategy = class io.confluent.kafka.serializers.subject.TopicNameStrategy
	schema.registry.url = [http://localhost:8081]
	basic.auth.user.info = [hidden]
	proxy.host = 
	schema.registry.basic.auth.user.info = [hidden]
	bearer.auth.credentials.source = STATIC_TOKEN
	key.subject.name.strategy = class io.confluent.kafka.serializers.subject.TopicNameStrategy

2023-10-16 10:33:58.427  INFO 21080 --- [creator-video-mixbi-27df3015-d20d-4799-8bd2-07979d808620-StreamThread-1] i.c.k.s.KafkaAvroDeserializerConfig      : KafkaAvroDeserializerConfig values: 
	bearer.auth.token = [hidden]
	proxy.port = -1
	schema.reflection = false
	auto.register.schemas = true
	max.schemas.per.subject = 1000
	basic.auth.credentials.source = URL
	specific.avro.reader = true
	value.subject.name.strategy = class io.confluent.kafka.serializers.subject.TopicNameStrategy
	schema.registry.url = [http://localhost:8081]
	basic.auth.user.info = [hidden]
	proxy.host = 
	schema.registry.basic.auth.user.info = [hidden]
	bearer.auth.credentials.source = STATIC_TOKEN
	key.subject.name.strategy = class io.confluent.kafka.serializers.subject.TopicNameStrategy

2023-10-16 10:33:58.434  INFO 21080 --- [creator-video-mixbi-27df3015-d20d-4799-8bd2-07979d808620-StreamThread-1] i.c.k.s.KafkaAvroSerializerConfig        : KafkaAvroSerializerConfig values: 
	bearer.auth.token = [hidden]
	proxy.port = -1
	schema.reflection = false
	auto.register.schemas = true
	max.schemas.per.subject = 1000
	basic.auth.credentials.source = URL
	value.subject.name.strategy = class io.confluent.kafka.serializers.subject.TopicNameStrategy
	schema.registry.url = [http://localhost:8081]
	basic.auth.user.info = [hidden]
	proxy.host = 
	schema.registry.basic.auth.user.info = [hidden]
	bearer.auth.credentials.source = STATIC_TOKEN
	key.subject.name.strategy = class io.confluent.kafka.serializers.subject.TopicNameStrategy

2023-10-16 10:33:58.435  INFO 21080 --- [creator-video-mixbi-27df3015-d20d-4799-8bd2-07979d808620-StreamThread-1] i.c.k.s.KafkaAvroDeserializerConfig      : KafkaAvroDeserializerConfig values: 
	bearer.auth.token = [hidden]
	proxy.port = -1
	schema.reflection = false
	auto.register.schemas = true
	max.schemas.per.subject = 1000
	basic.auth.credentials.source = URL
	specific.avro.reader = true
	value.subject.name.strategy = class io.confluent.kafka.serializers.subject.TopicNameStrategy
	schema.registry.url = [http://localhost:8081]
	basic.auth.user.info = [hidden]
	proxy.host = 
	schema.registry.basic.auth.user.info = [hidden]
	bearer.auth.credentials.source = STATIC_TOKEN
	key.subject.name.strategy = class io.confluent.kafka.serializers.subject.TopicNameStrategy

2023-10-16 10:33:58.436  INFO 21080 --- [creator-video-mixbi-27df3015-d20d-4799-8bd2-07979d808620-StreamThread-1] i.c.k.s.KafkaAvroSerializerConfig        : KafkaAvroSerializerConfig values: 
	bearer.auth.token = [hidden]
	proxy.port = -1
	schema.reflection = false
	auto.register.schemas = true
	max.schemas.per.subject = 1000
	basic.auth.credentials.source = URL
	value.subject.name.strategy = class io.confluent.kafka.serializers.subject.TopicNameStrategy
	schema.registry.url = [http://localhost:8081]
	basic.auth.user.info = [hidden]
	proxy.host = 
	schema.registry.basic.auth.user.info = [hidden]
	bearer.auth.credentials.source = STATIC_TOKEN
	key.subject.name.strategy = class io.confluent.kafka.serializers.subject.TopicNameStrategy

2023-10-16 10:33:58.437  INFO 21080 --- [creator-video-mixbi-27df3015-d20d-4799-8bd2-07979d808620-StreamThread-1] i.c.k.s.KafkaAvroDeserializerConfig      : KafkaAvroDeserializerConfig values: 
	bearer.auth.token = [hidden]
	proxy.port = -1
	schema.reflection = false
	auto.register.schemas = true
	max.schemas.per.subject = 1000
	basic.auth.credentials.source = URL
	specific.avro.reader = true
	value.subject.name.strategy = class io.confluent.kafka.serializers.subject.TopicNameStrategy
	schema.registry.url = [http://localhost:8081]
	basic.auth.user.info = [hidden]
	proxy.host = 
	schema.registry.basic.auth.user.info = [hidden]
	bearer.auth.credentials.source = STATIC_TOKEN
	key.subject.name.strategy = class io.confluent.kafka.serializers.subject.TopicNameStrategy

2023-10-16 10:33:58.437  INFO 21080 --- [creator-video-mixbi-27df3015-d20d-4799-8bd2-07979d808620-StreamThread-1] o.a.k.s.processor.internals.StreamTask   : stream-thread [creator-video-mixbi-27df3015-d20d-4799-8bd2-07979d808620-StreamThread-1] task [2_0] Restored and ready to run
2023-10-16 10:33:58.438  INFO 21080 --- [creator-video-mixbi-27df3015-d20d-4799-8bd2-07979d808620-StreamThread-1] o.a.k.s.p.internals.StreamThread         : stream-thread [creator-video-mixbi-27df3015-d20d-4799-8bd2-07979d808620-StreamThread-1] Restoration took 367 ms for all tasks [0_0, 1_0, 2_0]
2023-10-16 10:33:58.438  INFO 21080 --- [creator-video-mixbi-27df3015-d20d-4799-8bd2-07979d808620-StreamThread-1] o.a.k.s.p.internals.StreamThread         : stream-thread [creator-video-mixbi-27df3015-d20d-4799-8bd2-07979d808620-StreamThread-1] State transition from PARTITIONS_ASSIGNED to RUNNING
2023-10-16 10:33:58.441  INFO 21080 --- [creator-video-mixbi-27df3015-d20d-4799-8bd2-07979d808620-StreamThread-1] org.apache.kafka.streams.KafkaStreams    : stream-client [creator-video-mixbi-27df3015-d20d-4799-8bd2-07979d808620] State transition from REBALANCING to RUNNING
2023-10-16 10:33:58.442  INFO 21080 --- [creator-video-mixbi-27df3015-d20d-4799-8bd2-07979d808620-StreamThread-1] o.a.k.clients.consumer.KafkaConsumer     : [Consumer clientId=creator-video-mixbi-27df3015-d20d-4799-8bd2-07979d808620-StreamThread-1-consumer, groupId=creator-video-mixbi] Requesting the log end offset for creators-0 in order to compute lag
2023-10-16 10:33:58.446  INFO 21080 --- [kafka-coordinator-heartbeat-thread | creator-video-mixbi] o.a.k.c.c.internals.SubscriptionState    : [Consumer clientId=creator-video-mixbi-27df3015-d20d-4799-8bd2-07979d808620-StreamThread-1-consumer, groupId=creator-video-mixbi] Resetting offset for partition creator-video-mixbi-CREATOR_MIXBI-repartition-0 to position FetchPosition{offset=0, offsetEpoch=Optional.empty, currentLeader=LeaderAndEpoch{leader=Optional[localhost:9092 (id: 1 rack: null)], epoch=0}}.
2023-10-16 10:33:58.447  INFO 21080 --- [kafka-coordinator-heartbeat-thread | creator-video-mixbi] o.a.k.c.c.internals.SubscriptionState    : [Consumer clientId=creator-video-mixbi-27df3015-d20d-4799-8bd2-07979d808620-StreamThread-1-consumer, groupId=creator-video-mixbi] Resetting offset for partition creators-0 to position FetchPosition{offset=0, offsetEpoch=Optional.empty, currentLeader=LeaderAndEpoch{leader=Optional[localhost:9092 (id: 1 rack: null)], epoch=0}}.
2023-10-16 10:33:58.447  INFO 21080 --- [kafka-coordinator-heartbeat-thread | creator-video-mixbi] o.a.k.c.c.internals.SubscriptionState    : [Consumer clientId=creator-video-mixbi-27df3015-d20d-4799-8bd2-07979d808620-StreamThread-1-consumer, groupId=creator-video-mixbi] Resetting offset for partition videos-aggregator-0 to position FetchPosition{offset=0, offsetEpoch=Optional.empty, currentLeader=LeaderAndEpoch{leader=Optional[localhost:9092 (id: 1 rack: null)], epoch=0}}.
2023-10-16 10:33:58.448  INFO 21080 --- [kafka-coordinator-heartbeat-thread | creator-video-mixbi] o.a.k.c.c.internals.SubscriptionState    : [Consumer clientId=creator-video-mixbi-27df3015-d20d-4799-8bd2-07979d808620-StreamThread-1-consumer, groupId=creator-video-mixbi] Resetting offset for partition creator-video-mixbi-VIDEO_MIXBI-repartition-0 to position FetchPosition{offset=0, offsetEpoch=Optional.empty, currentLeader=LeaderAndEpoch{leader=Optional[localhost:9092 (id: 1 rack: null)], epoch=0}}.
2023-10-16 10:33:58.448  INFO 21080 --- [creator-video-mixbi-27df3015-d20d-4799-8bd2-07979d808620-StreamThread-1] o.a.k.clients.consumer.KafkaConsumer     : [Consumer clientId=creator-video-mixbi-27df3015-d20d-4799-8bd2-07979d808620-StreamThread-1-consumer, groupId=creator-video-mixbi] Requesting the log end offset for videos-aggregator-0 in order to compute lag
2023-10-16 10:33:58.449  INFO 21080 --- [creator-video-mixbi-27df3015-d20d-4799-8bd2-07979d808620-StreamThread-1] o.a.k.clients.consumer.KafkaConsumer     : [Consumer clientId=creator-video-mixbi-27df3015-d20d-4799-8bd2-07979d808620-StreamThread-1-consumer, groupId=creator-video-mixbi] Requesting the log end offset for creator-video-mixbi-CREATOR_MIXBI-repartition-0 in order to compute lag
2023-10-16 10:33:58.555  INFO 21080 --- [creator-video-mixbi-27df3015-d20d-4799-8bd2-07979d808620-StreamThread-1] o.a.k.clients.consumer.KafkaConsumer     : [Consumer clientId=creator-video-mixbi-27df3015-d20d-4799-8bd2-07979d808620-StreamThread-1-consumer, groupId=creator-video-mixbi] Requesting the log end offset for creator-video-mixbi-VIDEO_MIXBI-repartition-0 in order to compute lag
2023-10-16 10:34:01.855  INFO 21080 --- [http-nio-8086-exec-1] o.a.c.c.C.[Tomcat].[localhost].[/]       : Initializing Spring DispatcherServlet 'dispatcherServlet'
2023-10-16 10:34:01.856  INFO 21080 --- [http-nio-8086-exec-1] o.s.web.servlet.DispatcherServlet        : Initializing Servlet 'dispatcherServlet'
2023-10-16 10:34:01.861  INFO 21080 --- [http-nio-8086-exec-1] o.s.web.servlet.DispatcherServlet        : Completed initialization in 4 ms
2023-10-16 10:35:56.757  INFO 21080 --- [creator-video-mixbi-27df3015-d20d-4799-8bd2-07979d808620-StreamThread-1] o.a.k.s.p.internals.StreamThread         : stream-thread [creator-video-mixbi-27df3015-d20d-4799-8bd2-07979d808620-StreamThread-1] Processed 0 total records, ran 0 punctuators, and committed 0 total tasks since the last update
2023-10-16 10:37:56.848  INFO 21080 --- [creator-video-mixbi-27df3015-d20d-4799-8bd2-07979d808620-StreamThread-1] o.a.k.s.p.internals.StreamThread         : stream-thread [creator-video-mixbi-27df3015-d20d-4799-8bd2-07979d808620-StreamThread-1] Processed 0 total records, ran 0 punctuators, and committed 0 total tasks since the last update
2023-10-16 10:38:56.231  INFO 21080 --- [kafka-admin-client-thread | creator-video-mixbi-27df3015-d20d-4799-8bd2-07979d808620-admin] org.apache.kafka.clients.NetworkClient   : [AdminClient clientId=creator-video-mixbi-27df3015-d20d-4799-8bd2-07979d808620-admin] Node -1 disconnected.
2023-10-16 10:39:56.881  INFO 21080 --- [creator-video-mixbi-27df3015-d20d-4799-8bd2-07979d808620-StreamThread-1] o.a.k.s.p.internals.StreamThread         : stream-thread [creator-video-mixbi-27df3015-d20d-4799-8bd2-07979d808620-StreamThread-1] Processed 0 total records, ran 0 punctuators, and committed 0 total tasks since the last update
2023-10-16 10:41:56.890  INFO 21080 --- [creator-video-mixbi-27df3015-d20d-4799-8bd2-07979d808620-StreamThread-1] o.a.k.s.p.internals.StreamThread         : stream-thread [creator-video-mixbi-27df3015-d20d-4799-8bd2-07979d808620-StreamThread-1] Processed 0 total records, ran 0 punctuators, and committed 0 total tasks since the last update
2023-10-16 10:42:56.511  INFO 21080 --- [kafka-producer-network-thread | creator-video-mixbi-27df3015-d20d-4799-8bd2-07979d808620-StreamThread-1-producer] org.apache.kafka.clients.NetworkClient   : [Producer clientId=creator-video-mixbi-27df3015-d20d-4799-8bd2-07979d808620-StreamThread-1-producer] Node -1 disconnected.
2023-10-16 10:42:56.633  INFO 21080 --- [creator-video-mixbi-27df3015-d20d-4799-8bd2-07979d808620-StreamThread-1] org.apache.kafka.clients.NetworkClient   : [Consumer clientId=creator-video-mixbi-27df3015-d20d-4799-8bd2-07979d808620-StreamThread-1-consumer, groupId=creator-video-mixbi] Node -1 disconnected.
2023-10-16 10:43:56.281  INFO 21080 --- [kafka-admin-client-thread | creator-video-mixbi-27df3015-d20d-4799-8bd2-07979d808620-admin] org.apache.kafka.clients.NetworkClient   : [AdminClient clientId=creator-video-mixbi-27df3015-d20d-4799-8bd2-07979d808620-admin] Node 1 disconnected.
2023-10-16 10:43:56.533  INFO 21080 --- [creator-video-mixbi-27df3015-d20d-4799-8bd2-07979d808620-CleanupThread] o.a.k.s.p.internals.StateDirectory       : stream-thread [creator-video-mixbi-27df3015-d20d-4799-8bd2-07979d808620-CleanupThread] Deleting obsolete state directory 0_0 for task 0_0 as 44222750ms has elapsed (cleanup delay is 600000ms).
2023-10-16 10:43:56.533  INFO 21080 --- [creator-video-mixbi-27df3015-d20d-4799-8bd2-07979d808620-CleanupThread] o.a.k.s.p.internals.StateDirectory       : stream-thread [creator-video-mixbi-27df3015-d20d-4799-8bd2-07979d808620-CleanupThread] Deleting obsolete state directory 1_0 for task 1_0 as 44222748ms has elapsed (cleanup delay is 600000ms).
2023-10-16 10:43:56.929  INFO 21080 --- [creator-video-mixbi-27df3015-d20d-4799-8bd2-07979d808620-StreamThread-1] o.a.k.s.p.internals.StreamThread         : stream-thread [creator-video-mixbi-27df3015-d20d-4799-8bd2-07979d808620-StreamThread-1] Processed 0 total records, ran 0 punctuators, and committed 0 total tasks since the last update
2023-10-16 10:45:56.986  INFO 21080 --- [creator-video-mixbi-27df3015-d20d-4799-8bd2-07979d808620-StreamThread-1] o.a.k.s.p.internals.StreamThread         : stream-thread [creator-video-mixbi-27df3015-d20d-4799-8bd2-07979d808620-StreamThread-1] Processed 0 total records, ran 0 punctuators, and committed 0 total tasks since the last update
2023-10-16 10:47:57.034  INFO 21080 --- [creator-video-mixbi-27df3015-d20d-4799-8bd2-07979d808620-StreamThread-1] o.a.k.s.p.internals.StreamThread         : stream-thread [creator-video-mixbi-27df3015-d20d-4799-8bd2-07979d808620-StreamThread-1] Processed 0 total records, ran 0 punctuators, and committed 0 total tasks since the last update
2023-10-16 10:49:57.075  INFO 21080 --- [creator-video-mixbi-27df3015-d20d-4799-8bd2-07979d808620-StreamThread-1] o.a.k.s.p.internals.StreamThread         : stream-thread [creator-video-mixbi-27df3015-d20d-4799-8bd2-07979d808620-StreamThread-1] Processed 0 total records, ran 0 punctuators, and committed 0 total tasks since the last update
2023-10-16 10:50:42.358  INFO 21080 --- [SpringApplicationShutdownHook] org.apache.kafka.streams.KafkaStreams    : stream-client [creator-video-mixbi-27df3015-d20d-4799-8bd2-07979d808620] State transition from RUNNING to PENDING_SHUTDOWN
2023-10-16 10:50:42.554  INFO 21080 --- [kafka-streams-close-thread] o.a.k.s.p.internals.StreamThread         : stream-thread [creator-video-mixbi-27df3015-d20d-4799-8bd2-07979d808620-StreamThread-1] Informed to shut down
2023-10-16 10:50:42.556  INFO 21080 --- [kafka-streams-close-thread] o.a.k.s.p.internals.StreamThread         : stream-thread [creator-video-mixbi-27df3015-d20d-4799-8bd2-07979d808620-StreamThread-1] State transition from RUNNING to PENDING_SHUTDOWN
2023-10-16 10:50:42.659  INFO 21080 --- [creator-video-mixbi-27df3015-d20d-4799-8bd2-07979d808620-StreamThread-1] o.a.k.s.p.internals.StreamThread         : stream-thread [creator-video-mixbi-27df3015-d20d-4799-8bd2-07979d808620-StreamThread-1] Shutting down
2023-10-16 10:50:42.801  INFO 21080 --- [creator-video-mixbi-27df3015-d20d-4799-8bd2-07979d808620-StreamThread-1] o.a.k.s.processor.internals.StreamTask   : stream-thread [creator-video-mixbi-27df3015-d20d-4799-8bd2-07979d808620-StreamThread-1] task [0_0] Suspended RUNNING
2023-10-16 10:50:42.802  INFO 21080 --- [creator-video-mixbi-27df3015-d20d-4799-8bd2-07979d808620-StreamThread-1] o.a.k.s.processor.internals.StreamTask   : stream-thread [creator-video-mixbi-27df3015-d20d-4799-8bd2-07979d808620-StreamThread-1] task [0_0] Suspended running
2023-10-16 10:50:42.815  INFO 21080 --- [creator-video-mixbi-27df3015-d20d-4799-8bd2-07979d808620-StreamThread-1] o.a.k.clients.consumer.KafkaConsumer     : [Consumer clientId=creator-video-mixbi-27df3015-d20d-4799-8bd2-07979d808620-StreamThread-1-restore-consumer, groupId=null] Subscribed to partition(s): creator-video-mixbi-VIDEO_MIXBI-changelog-0, creator-video-mixbi-CREATOR_MIXBI-changelog-0
2023-10-16 10:50:42.818  INFO 21080 --- [creator-video-mixbi-27df3015-d20d-4799-8bd2-07979d808620-StreamThread-1] o.a.k.s.p.internals.RecordCollectorImpl  : stream-thread [creator-video-mixbi-27df3015-d20d-4799-8bd2-07979d808620-StreamThread-1] task [0_0] Closing record collector clean
2023-10-16 10:50:42.818  INFO 21080 --- [creator-video-mixbi-27df3015-d20d-4799-8bd2-07979d808620-StreamThread-1] o.a.k.s.processor.internals.StreamTask   : stream-thread [creator-video-mixbi-27df3015-d20d-4799-8bd2-07979d808620-StreamThread-1] task [0_0] Closed clean
2023-10-16 10:50:42.821  INFO 21080 --- [creator-video-mixbi-27df3015-d20d-4799-8bd2-07979d808620-StreamThread-1] o.a.k.s.processor.internals.StreamTask   : stream-thread [creator-video-mixbi-27df3015-d20d-4799-8bd2-07979d808620-StreamThread-1] task [1_0] Suspended RUNNING
2023-10-16 10:50:42.822  INFO 21080 --- [creator-video-mixbi-27df3015-d20d-4799-8bd2-07979d808620-StreamThread-1] o.a.k.s.processor.internals.StreamTask   : stream-thread [creator-video-mixbi-27df3015-d20d-4799-8bd2-07979d808620-StreamThread-1] task [1_0] Suspended running
2023-10-16 10:50:42.830  INFO 21080 --- [creator-video-mixbi-27df3015-d20d-4799-8bd2-07979d808620-StreamThread-1] o.a.k.clients.consumer.KafkaConsumer     : [Consumer clientId=creator-video-mixbi-27df3015-d20d-4799-8bd2-07979d808620-StreamThread-1-restore-consumer, groupId=null] Subscribed to partition(s): creator-video-mixbi-VIDEO_MIXBI-changelog-0, creator-video-mixbi-CREATOR_MIXBI-changelog-0
2023-10-16 10:50:42.831  INFO 21080 --- [creator-video-mixbi-27df3015-d20d-4799-8bd2-07979d808620-StreamThread-1] o.a.k.s.p.internals.RecordCollectorImpl  : stream-thread [creator-video-mixbi-27df3015-d20d-4799-8bd2-07979d808620-StreamThread-1] task [1_0] Closing record collector clean
2023-10-16 10:50:42.832  INFO 21080 --- [creator-video-mixbi-27df3015-d20d-4799-8bd2-07979d808620-StreamThread-1] o.a.k.s.processor.internals.StreamTask   : stream-thread [creator-video-mixbi-27df3015-d20d-4799-8bd2-07979d808620-StreamThread-1] task [1_0] Closed clean
2023-10-16 10:50:42.834  INFO 21080 --- [creator-video-mixbi-27df3015-d20d-4799-8bd2-07979d808620-StreamThread-1] o.a.k.s.processor.internals.StreamTask   : stream-thread [creator-video-mixbi-27df3015-d20d-4799-8bd2-07979d808620-StreamThread-1] task [2_0] Suspended RUNNING
2023-10-16 10:50:42.834  INFO 21080 --- [creator-video-mixbi-27df3015-d20d-4799-8bd2-07979d808620-StreamThread-1] o.a.k.s.processor.internals.StreamTask   : stream-thread [creator-video-mixbi-27df3015-d20d-4799-8bd2-07979d808620-StreamThread-1] task [2_0] Suspended running
2023-10-16 10:50:42.836  INFO 21080 --- [creator-video-mixbi-27df3015-d20d-4799-8bd2-07979d808620-StreamThread-1] o.a.k.clients.consumer.KafkaConsumer     : [Consumer clientId=creator-video-mixbi-27df3015-d20d-4799-8bd2-07979d808620-StreamThread-1-restore-consumer, groupId=null] Unsubscribed all topics or patterns and assigned partitions
2023-10-16 10:50:42.916  INFO 21080 --- [creator-video-mixbi-27df3015-d20d-4799-8bd2-07979d808620-StreamThread-1] o.a.k.s.p.internals.RecordCollectorImpl  : stream-thread [creator-video-mixbi-27df3015-d20d-4799-8bd2-07979d808620-StreamThread-1] task [2_0] Closing record collector clean
2023-10-16 10:50:42.917  INFO 21080 --- [creator-video-mixbi-27df3015-d20d-4799-8bd2-07979d808620-StreamThread-1] o.a.k.s.processor.internals.StreamTask   : stream-thread [creator-video-mixbi-27df3015-d20d-4799-8bd2-07979d808620-StreamThread-1] task [2_0] Closed clean
2023-10-16 10:50:42.938  INFO 21080 --- [creator-video-mixbi-27df3015-d20d-4799-8bd2-07979d808620-StreamThread-1] o.a.k.clients.producer.KafkaProducer     : [Producer clientId=creator-video-mixbi-27df3015-d20d-4799-8bd2-07979d808620-StreamThread-1-producer] Closing the Kafka producer with timeoutMillis = 9223372036854775807 ms.
2023-10-16 10:50:42.957  INFO 21080 --- [creator-video-mixbi-27df3015-d20d-4799-8bd2-07979d808620-StreamThread-1] org.apache.kafka.common.metrics.Metrics  : Metrics scheduler closed
2023-10-16 10:50:42.958  INFO 21080 --- [creator-video-mixbi-27df3015-d20d-4799-8bd2-07979d808620-StreamThread-1] org.apache.kafka.common.metrics.Metrics  : Closing reporter org.apache.kafka.common.metrics.JmxReporter
2023-10-16 10:50:42.959  INFO 21080 --- [creator-video-mixbi-27df3015-d20d-4799-8bd2-07979d808620-StreamThread-1] org.apache.kafka.common.metrics.Metrics  : Metrics reporters closed
2023-10-16 10:50:42.964  INFO 21080 --- [creator-video-mixbi-27df3015-d20d-4799-8bd2-07979d808620-StreamThread-1] o.a.kafka.common.utils.AppInfoParser     : App info kafka.producer for creator-video-mixbi-27df3015-d20d-4799-8bd2-07979d808620-StreamThread-1-producer unregistered
2023-10-16 10:50:42.979  INFO 21080 --- [creator-video-mixbi-27df3015-d20d-4799-8bd2-07979d808620-StreamThread-1] o.a.k.clients.consumer.KafkaConsumer     : [Consumer clientId=creator-video-mixbi-27df3015-d20d-4799-8bd2-07979d808620-StreamThread-1-restore-consumer, groupId=null] Unsubscribed all topics or patterns and assigned partitions
2023-10-16 10:50:42.984  INFO 21080 --- [creator-video-mixbi-27df3015-d20d-4799-8bd2-07979d808620-StreamThread-1] org.apache.kafka.common.metrics.Metrics  : Metrics scheduler closed
2023-10-16 10:50:42.985  INFO 21080 --- [creator-video-mixbi-27df3015-d20d-4799-8bd2-07979d808620-StreamThread-1] org.apache.kafka.common.metrics.Metrics  : Closing reporter org.apache.kafka.common.metrics.JmxReporter
2023-10-16 10:50:42.985  INFO 21080 --- [creator-video-mixbi-27df3015-d20d-4799-8bd2-07979d808620-StreamThread-1] org.apache.kafka.common.metrics.Metrics  : Metrics reporters closed
2023-10-16 10:50:43.011  INFO 21080 --- [creator-video-mixbi-27df3015-d20d-4799-8bd2-07979d808620-StreamThread-1] o.a.kafka.common.utils.AppInfoParser     : App info kafka.consumer for creator-video-mixbi-27df3015-d20d-4799-8bd2-07979d808620-StreamThread-1-consumer unregistered
2023-10-16 10:50:43.013  INFO 21080 --- [creator-video-mixbi-27df3015-d20d-4799-8bd2-07979d808620-StreamThread-1] org.apache.kafka.common.metrics.Metrics  : Metrics scheduler closed
2023-10-16 10:50:43.013  INFO 21080 --- [creator-video-mixbi-27df3015-d20d-4799-8bd2-07979d808620-StreamThread-1] org.apache.kafka.common.metrics.Metrics  : Closing reporter org.apache.kafka.common.metrics.JmxReporter
2023-10-16 10:50:43.014  INFO 21080 --- [creator-video-mixbi-27df3015-d20d-4799-8bd2-07979d808620-StreamThread-1] org.apache.kafka.common.metrics.Metrics  : Metrics reporters closed
2023-10-16 10:50:43.025  INFO 21080 --- [creator-video-mixbi-27df3015-d20d-4799-8bd2-07979d808620-StreamThread-1] o.a.kafka.common.utils.AppInfoParser     : App info kafka.consumer for creator-video-mixbi-27df3015-d20d-4799-8bd2-07979d808620-StreamThread-1-restore-consumer unregistered
2023-10-16 10:50:43.035  INFO 21080 --- [creator-video-mixbi-27df3015-d20d-4799-8bd2-07979d808620-StreamThread-1] o.a.k.s.p.internals.StreamThread         : stream-thread [creator-video-mixbi-27df3015-d20d-4799-8bd2-07979d808620-StreamThread-1] State transition from PENDING_SHUTDOWN to DEAD
2023-10-16 10:50:43.036  INFO 21080 --- [creator-video-mixbi-27df3015-d20d-4799-8bd2-07979d808620-StreamThread-1] o.a.k.s.p.internals.StreamThread         : stream-thread [creator-video-mixbi-27df3015-d20d-4799-8bd2-07979d808620-StreamThread-1] Shutdown complete
2023-10-16 10:50:43.039  INFO 21080 --- [kafka-admin-client-thread | creator-video-mixbi-27df3015-d20d-4799-8bd2-07979d808620-admin] o.a.kafka.common.utils.AppInfoParser     : App info kafka.admin.client for creator-video-mixbi-27df3015-d20d-4799-8bd2-07979d808620-admin unregistered
2023-10-16 10:50:43.166  INFO 21080 --- [kafka-admin-client-thread | creator-video-mixbi-27df3015-d20d-4799-8bd2-07979d808620-admin] org.apache.kafka.common.metrics.Metrics  : Metrics scheduler closed
2023-10-16 10:50:43.167  INFO 21080 --- [kafka-admin-client-thread | creator-video-mixbi-27df3015-d20d-4799-8bd2-07979d808620-admin] org.apache.kafka.common.metrics.Metrics  : Closing reporter org.apache.kafka.common.metrics.JmxReporter
2023-10-16 10:50:43.167  INFO 21080 --- [kafka-admin-client-thread | creator-video-mixbi-27df3015-d20d-4799-8bd2-07979d808620-admin] org.apache.kafka.common.metrics.Metrics  : Metrics reporters closed
2023-10-16 10:50:43.168  INFO 21080 --- [kafka-streams-close-thread] org.apache.kafka.common.metrics.Metrics  : Metrics scheduler closed
2023-10-16 10:50:43.169  INFO 21080 --- [kafka-streams-close-thread] org.apache.kafka.common.metrics.Metrics  : Closing reporter org.apache.kafka.common.metrics.JmxReporter
2023-10-16 10:50:43.170  INFO 21080 --- [kafka-streams-close-thread] org.apache.kafka.common.metrics.Metrics  : Metrics reporters closed
2023-10-16 10:50:43.170  INFO 21080 --- [kafka-streams-close-thread] org.apache.kafka.streams.KafkaStreams    : stream-client [creator-video-mixbi-27df3015-d20d-4799-8bd2-07979d808620] State transition from PENDING_SHUTDOWN to NOT_RUNNING
2023-10-16 10:50:43.171  INFO 21080 --- [SpringApplicationShutdownHook] org.apache.kafka.streams.KafkaStreams    : stream-client [creator-video-mixbi-27df3015-d20d-4799-8bd2-07979d808620] Streams client stopped completely
2023-10-16 10:50:43.174  INFO 21080 --- [SpringApplicationShutdownHook] o.s.i.endpoint.EventDrivenConsumer       : Removing {logging-channel-adapter:_org.springframework.integration.errorLogger} as a subscriber to the 'errorChannel' channel
2023-10-16 10:50:43.174  INFO 21080 --- [SpringApplicationShutdownHook] o.s.i.channel.PublishSubscribeChannel    : Channel 'creator-video-mixbi.errorChannel' has 0 subscriber(s).
2023-10-16 10:50:43.176  INFO 21080 --- [SpringApplicationShutdownHook] o.s.i.endpoint.EventDrivenConsumer       : stopped bean '_org.springframework.integration.errorLogger'
